frame_index,x1,y1,x2,y2
68,657,445,719,479
69,653,429,719,479
69,495,440,562,479
69,558,444,611,479
70,648,419,719,479
71,498,403,617,479
71,618,405,719,479
77,467,332,719,479
78,463,319,719,479
79,463,306,719,479
80,460,292,719,479
81,459,279,719,466
82,459,268,719,479
83,457,257,719,479
84,459,247,719,479
85,454,238,719,479
86,449,229,719,459
87,459,219,719,449
88,446,211,711,446
89,447,203,706,444
90,436,196,701,442
90,216,352,248,382
91,403,96,434,125
91,431,188,696,442
91,216,345,249,383
91,128,352,160,390
92,422,182,690,441
92,204,340,261,383
92,128,352,163,390
93,430,175,682,440
93,203,336,253,384
93,135,353,162,385
94,399,81,430,125
94,425,169,676,439
94,203,335,257,384
94,134,352,162,389
94,171,360,207,392
95,436,162,668,438
95,203,335,258,386
95,135,354,163,382
95,177,371,206,399
96,425,155,660,438
96,203,334,262,392
96,176,370,206,398
97,433,147,653,438
97,203,333,264,396
98,361,71,393,103
98,425,139,645,436
98,203,329,268,397
99,354,31,399,73
99,433,132,640,427
99,205,331,269,391
100,438,125,634,412
100,216,330,269,378
101,411,119,627,395
101,233,336,270,377
102,419,112,621,385
102,230,331,270,375
103,419,105,614,371
103,621,215,652,240
103,688,276,719,339
103,664,313,692,339
103,240,343,270,373
104,411,100,608,347
104,688,276,719,338
104,440,310,490,358
105,395,93,602,349
105,108,95,138,119
105,592,138,631,172
105,626,160,719,352
105,11,262,54,308
106,386,88,595,352
106,592,138,622,166
106,639,237,719,352
106,6,244,66,305
107,380,83,588,349
107,106,95,139,122
107,4,232,98,307
107,639,237,719,352
108,374,78,581,350
108,108,96,138,120
108,686,163,718,195
108,657,204,693,238
108,615,215,654,240
108,5,232,101,306
108,650,246,692,283
108,664,265,719,352
109,368,73,572,350
109,106,95,139,122
109,592,138,623,166
109,640,220,719,352
109,12,236,97,306
110,364,69,565,350
110,108,95,138,119
110,687,163,718,195
110,657,205,693,237
110,621,215,656,240
110,169,216,207,260
110,14,238,97,306
110,82,242,130,291
110,664,265,719,352
111,360,64,557,349
111,106,95,138,122
111,657,163,718,237
111,621,215,656,240
111,171,219,208,260
111,664,220,719,352
111,71,230,129,290
111,24,247,99,305
112,356,59,549,350
112,686,162,719,195
112,626,215,656,240
112,171,220,208,262
112,30,249,98,303
112,688,273,719,352
113,355,54,542,349
113,685,163,718,196
113,29,193,127,289
113,657,205,693,238
113,621,215,651,239
113,170,219,208,261
113,669,238,708,269
113,26,249,96,303
113,664,265,719,339
114,355,48,534,348
114,687,164,717,195
114,41,204,130,290
114,619,215,657,240
114,173,223,227,289
114,31,251,96,303
114,664,276,719,352
115,363,41,546,337
115,685,163,718,196
115,657,205,692,238
115,40,207,131,289
115,166,213,210,264
115,622,215,651,239
115,664,238,719,339
115,30,249,88,302
115,202,262,231,293
116,365,34,535,326
116,688,163,718,194
116,44,207,133,292
116,627,215,659,239
116,174,225,209,262
116,41,257,69,284
116,688,273,719,352
117,370,27,509,312
117,687,163,718,195
117,657,190,694,238
117,42,206,133,290
117,182,235,210,264
117,669,237,719,352
117,664,312,693,338
118,374,22,501,302
118,687,164,717,195
118,43,206,136,291
118,617,215,651,240
118,688,274,719,352
119,361,18,493,305
119,685,163,718,196
119,39,206,132,288
119,669,238,708,269
119,688,265,719,352
119,664,312,693,338
120,354,14,485,297
120,687,167,715,195
120,48,209,112,269
120,621,215,652,240
120,688,273,719,339
121,347,12,477,286
121,687,162,719,195
121,44,206,100,261
121,669,237,719,352
121,664,312,693,338
122,341,11,470,282
122,44,205,73,235
122,689,277,719,339
123,333,10,461,272
123,49,212,85,245
123,689,277,719,338
124,324,10,454,258
124,327,221,388,268
124,699,293,719,338
125,315,10,446,257
125,313,230,342,261
125,688,277,719,338
126,308,11,437,256
126,303,226,333,258
127,299,11,435,255
127,299,224,328,255
128,292,12,437,268
128,298,226,326,255
128,693,295,719,322
129,283,12,437,267
129,297,226,325,255
130,275,12,437,266
130,297,227,324,255
131,265,11,435,262
131,297,228,323,255
132,258,11,432,257
133,251,10,425,251
134,245,9,418,248
135,239,8,409,245
136,233,7,400,243
137,227,5,390,241
138,222,4,363,200
138,331,182,380,244
139,217,3,359,207
139,326,186,367,237
140,212,2,355,207
140,323,195,356,259
141,207,1,351,204
142,203,1,347,205
142,311,206,344,233
143,199,0,343,205
143,312,206,344,232
144,196,0,340,206
144,308,191,343,232
145,193,0,336,207
145,123,96,152,124
145,304,192,342,232
146,191,0,333,207
146,125,97,152,124
146,214,155,241,183
146,297,190,341,234
146,330,231,356,259
147,188,0,331,191
147,123,96,152,124
147,214,145,246,185
147,288,190,337,233
148,185,0,328,202
148,124,96,152,123
148,214,143,246,182
148,285,191,354,254
149,182,0,351,250
149,124,91,154,125
150,180,0,348,258
150,123,93,153,129
151,178,0,343,258
151,124,93,153,128
152,176,0,322,224
152,123,92,155,127
153,174,0,321,225
153,123,91,155,130
153,276,227,302,254
154,173,0,319,223
154,122,90,155,129
154,272,227,305,258
155,172,0,320,222
155,122,89,154,129
156,172,0,317,222
156,122,85,156,132
156,272,226,298,253
157,172,0,317,222
157,122,89,155,128
157,272,226,298,253
158,172,0,317,221
158,122,86,157,131
159,172,0,317,223
159,122,91,155,128
160,173,0,317,221
160,122,91,155,129
161,173,0,317,222
161,123,89,154,128
162,174,0,316,225
162,122,92,153,133
163,174,0,317,222
163,122,93,153,128
164,174,0,316,223
164,121,92,153,128
165,173,0,315,222
165,123,93,153,129
166,173,0,316,222
166,122,91,153,123
167,173,0,315,223
167,122,92,152,132
168,172,0,316,222
168,122,92,153,129
169,172,0,315,223
169,122,91,154,123
170,172,0,315,222
170,122,96,152,129
171,171,0,316,225
171,123,94,152,123
172,171,0,315,222
172,124,94,152,123
173,170,0,316,223
173,123,93,152,130
174,170,0,316,223
174,122,92,153,132
175,169,0,316,223
175,122,90,154,129
176,169,0,316,224
176,122,89,152,132
176,484,346,719,479
177,168,0,316,223
177,122,93,153,129
177,481,334,719,479
178,168,0,316,223
178,122,90,154,129
178,479,319,719,479
179,168,0,315,224
179,122,94,153,129
179,475,303,719,479
180,167,0,315,241
180,122,90,153,130
180,475,294,719,479
181,168,0,316,224
181,123,93,152,136
181,477,281,719,479
182,168,0,315,227
182,121,83,157,139
182,477,271,719,479
183,168,0,316,224
183,122,92,154,137
183,473,261,719,478
184,168,0,315,223
184,122,91,154,136
184,468,251,719,464
185,168,0,315,224
185,124,91,155,133
185,457,241,719,456
186,168,0,316,223
186,122,85,154,128
186,467,233,719,446
187,168,0,316,223
187,122,88,157,124
187,459,224,719,442
188,169,0,316,223
188,123,88,156,124
188,459,216,719,445
189,169,0,316,224
189,123,95,152,129
189,473,209,719,442
190,169,0,316,223
190,123,94,153,133
190,457,201,719,444
191,169,0,316,226
191,126,94,153,129
191,455,195,719,440
191,135,358,160,388
192,169,0,316,223
192,125,96,153,129
192,459,188,719,441
192,218,356,248,383
193,169,0,316,223
193,122,94,153,136
193,456,182,719,438
193,205,337,246,378
194,169,0,316,223
194,124,98,152,133
194,455,175,719,439
194,209,338,248,381
195,168,0,317,224
195,413,90,440,119
195,125,98,152,132
195,509,111,551,155
195,474,127,508,153
195,455,169,719,435
195,205,337,249,377
196,168,0,316,224
196,407,87,440,122
196,123,96,151,122
196,509,111,549,155
196,474,127,508,153
196,456,161,719,433
196,205,337,246,380
197,168,0,316,224
197,409,85,441,130
197,123,95,152,123
197,509,111,551,155
197,475,127,508,154
197,451,155,719,430
197,699,314,719,351
197,205,336,246,379
198,168,0,318,225
198,453,19,478,50
198,410,24,447,83
198,404,84,446,131
198,123,97,151,129
198,474,110,553,157
198,457,148,719,427
198,208,335,239,369
199,168,0,318,225
199,405,57,453,133
199,125,96,152,129
199,450,142,719,417
199,209,335,238,365
200,168,0,317,224
200,400,79,453,133
200,696,292,719,351
201,168,0,319,225
201,405,23,454,133
201,123,95,152,122
201,460,129,719,399
202,169,0,318,225
202,397,46,468,133
202,99,63,126,90
202,125,96,152,129
202,460,123,719,387
202,589,139,632,173
202,426,261,509,312
202,473,451,513,479
203,169,0,319,225
203,411,46,445,78
203,472,63,497,100
203,403,84,453,133
203,126,95,152,129
203,455,117,719,377
203,415,260,510,313
204,169,0,319,225
204,117,27,143,56
204,101,58,130,92
204,472,64,515,105
204,123,94,153,123
204,567,127,615,163
204,470,269,504,307
204,688,276,719,351
205,169,0,317,224
205,454,16,497,43
205,398,44,472,133
205,466,62,498,102
205,123,95,152,122
205,439,105,719,369
205,590,138,632,173
205,460,257,510,304
205,688,271,719,351
206,169,0,317,223
206,504,21,539,57
206,450,41,491,72
206,404,55,454,133
206,445,86,475,110
206,123,95,151,124
206,456,100,719,366
206,418,138,467,179
206,688,271,719,351
207,169,0,318,224
207,397,17,455,133
207,503,24,531,60
207,471,77,497,106
207,472,95,719,365
207,688,271,719,352
208,168,0,317,224
208,504,23,535,55
208,471,54,504,100
208,472,91,719,365
208,124,93,152,122
208,685,271,719,352
209,169,0,318,224
209,400,23,495,133
209,465,87,719,361
209,125,96,152,129
209,685,276,719,352
210,169,0,318,224
210,400,39,472,133
210,476,83,719,359
210,685,276,719,352
211,169,0,318,224
211,452,7,480,41
211,106,56,135,82
211,470,75,517,105
211,491,80,719,358
211,43,263,82,299
211,685,271,719,352
211,89,414,114,443
212,169,0,317,223
212,495,75,719,357
212,406,79,465,134
212,470,109,553,159
212,413,134,469,176
212,33,253,88,302
212,685,271,719,352
213,169,0,318,223
213,470,19,538,105
213,398,55,555,180
213,490,71,719,354
213,122,91,153,122
213,31,250,90,301
213,94,256,131,291
213,685,271,719,352
214,169,0,317,222
214,504,21,538,57
214,398,39,556,181
214,502,67,719,350
214,462,71,496,118
214,25,250,96,303
214,100,259,134,292
214,685,271,719,352
214,94,407,118,440
215,169,0,318,222
215,448,9,480,40
215,497,50,527,88
215,503,64,719,344
215,81,242,134,291
215,31,253,95,302
215,685,271,719,352
215,445,450,488,479
216,169,0,318,222
216,453,8,481,38
216,354,31,381,59
216,391,38,560,180
216,471,59,502,105
216,510,60,719,338
216,62,224,134,292
216,31,251,87,299
216,664,271,719,352
216,351,373,389,407
216,74,394,119,428
216,443,458,472,479
217,169,0,318,222
217,397,23,560,179
217,579,23,607,56
217,509,56,719,327
217,52,215,135,292
217,40,257,89,300
217,688,271,719,324
217,366,371,401,409
217,77,397,120,428
217,444,398,470,428
218,170,0,318,222
218,524,53,719,314
218,125,93,153,122
218,38,204,134,293
218,48,264,83,296
218,687,271,719,322
218,358,359,385,386
218,444,393,472,427
219,169,0,318,222
219,505,21,535,56
219,524,49,719,298
219,398,55,555,179
219,472,63,501,105
219,54,216,134,292
219,666,247,719,339
219,50,264,80,295
219,441,331,473,372
219,336,355,403,408
219,683,393,714,436
220,169,0,317,222
220,420,7,455,49
220,455,8,482,63
220,503,19,535,67
220,524,46,719,294
220,395,56,558,178
220,123,94,153,122
220,354,110,379,139
220,58,218,132,290
220,688,276,719,324
220,440,317,466,361
220,336,355,388,400
221,169,0,317,222
221,447,16,476,40
221,524,43,719,292
221,475,64,502,99
221,393,80,560,179
221,125,94,153,122
221,688,165,718,194
221,62,225,132,291
221,674,258,719,322
221,682,392,713,436
222,169,0,318,222
222,504,23,537,57
222,524,40,719,291
222,384,42,560,179
222,124,94,153,122
222,308,108,365,146
222,63,224,131,291
222,687,271,719,324
222,327,346,405,422
222,425,374,464,399
222,682,391,716,436
223,169,0,317,222
223,504,26,537,63
223,524,38,719,290
223,470,48,521,87
223,399,55,560,179
223,103,56,130,89
223,124,94,153,122
223,307,110,343,146
223,62,223,131,288
223,667,258,719,339
223,424,304,497,373
223,336,348,404,408
223,682,391,716,437
224,170,0,317,222
224,474,32,529,89
224,524,36,719,294
224,404,83,559,179
224,124,95,153,123
224,66,226,116,276
224,691,295,719,324
224,479,344,511,375
224,329,350,381,385
224,682,391,716,437
225,170,0,317,222
225,524,32,718,289
225,409,70,451,133
225,123,93,153,123
225,87,246,126,283
225,692,294,719,324
225,443,334,474,368
225,474,351,504,385
225,339,352,401,416
225,682,390,716,437
226,170,0,317,222
226,524,30,718,289
226,405,67,465,133
226,123,93,153,123
226,692,296,719,323
226,430,341,468,371
226,346,344,394,418
226,682,389,716,437
226,91,400,116,437
227,170,0,317,221
227,524,27,717,289
227,412,89,439,120
227,123,92,154,123
227,473,112,535,157
227,422,136,472,179
227,692,295,719,324
227,352,350,381,398
227,682,389,716,437
227,90,409,116,443
228,170,0,317,222
228,524,24,717,288
228,411,56,439,86
228,405,87,440,129
228,122,92,154,123
228,692,297,719,323
228,682,389,716,437
229,170,0,315,222
229,524,21,716,288
229,403,85,440,121
229,124,95,152,122
229,424,137,467,179
229,350,350,377,377
229,682,388,715,437
229,367,393,393,432
230,170,0,315,222
230,523,19,715,287
230,406,88,441,120
230,122,92,152,121
230,680,384,716,439
231,170,0,315,222
231,521,16,715,285
231,124,93,152,122
231,423,135,461,162
231,365,328,392,355
231,680,375,716,439
232,171,0,314,226
232,519,13,715,282
232,124,95,151,122
232,679,375,716,439
233,171,0,314,228
233,518,10,714,277
233,124,94,153,122
233,679,374,715,439
234,171,0,314,228
234,517,8,714,274
234,413,94,441,123
234,124,96,153,123
234,679,374,715,438
235,171,0,314,227
235,519,7,714,273
235,123,96,152,122
235,679,375,715,439
236,171,0,314,228
236,520,5,714,271
236,123,94,153,123
236,679,375,715,438
237,171,0,314,228
237,522,4,714,269
237,123,94,153,122
237,679,375,715,434
238,171,0,314,228
238,524,3,715,266
238,123,92,154,122
238,679,375,715,434
239,171,0,314,227
239,526,2,715,264
239,123,91,154,123
239,679,376,715,434
240,172,0,315,227
240,528,2,716,263
240,123,96,152,122
240,679,375,715,434
241,172,0,315,230
241,529,2,717,262
241,123,93,152,121
241,679,376,715,434
242,172,0,314,228
242,530,1,717,262
242,124,97,153,122
242,680,379,715,434
243,172,0,314,227
243,529,1,718,261
243,123,95,152,122
243,679,381,715,434
244,172,0,314,229
244,529,1,719,261
244,124,94,153,122
244,680,375,715,434
245,172,0,314,227
245,529,1,719,261
245,123,92,153,122
245,679,381,715,434
246,172,0,314,230
246,529,1,719,261
246,124,95,152,122
246,682,388,715,434
247,172,0,314,231
247,529,1,719,261
247,682,390,715,433
248,172,0,314,227
248,530,2,719,261
248,682,389,715,434
249,171,0,315,230
249,529,2,719,261
249,683,391,715,434
250,171,0,315,229
250,529,3,719,262
251,171,0,315,230
251,529,3,719,262
251,692,321,719,359
252,171,0,315,230
252,529,4,719,263
252,692,321,719,359
253,170,0,315,229
253,529,4,719,263
253,692,321,719,359
254,170,0,315,230
254,529,5,719,263
254,692,321,719,359
255,170,0,314,230
255,529,5,719,263
255,127,94,153,122
255,691,317,719,359
256,169,0,314,229
256,529,6,719,263
256,691,317,719,359
257,169,0,314,229
257,529,7,719,263
257,691,317,719,359
258,169,0,314,229
258,529,8,719,263
258,692,317,719,359
259,169,0,315,227
259,529,9,719,263
259,692,317,719,359
260,169,0,315,228
260,529,9,719,263
261,169,0,314,224
261,529,10,719,263
261,691,317,719,358
262,168,0,315,226
262,529,11,719,264
262,692,321,719,359
263,168,0,314,228
263,530,12,719,264
263,691,278,719,314
263,691,317,719,359
264,168,0,315,227
264,531,13,719,264
265,168,0,315,227
265,533,13,719,264
265,691,278,717,314
265,691,322,719,358
266,168,0,315,222
266,535,14,719,264
267,168,0,314,222
267,539,14,719,264
267,691,321,719,358
268,168,0,315,222
268,543,14,719,264
269,168,0,314,222
269,546,15,719,264
269,691,278,718,313
270,169,0,314,222
270,549,16,719,264
271,169,0,314,222
271,550,16,719,264
272,169,0,314,222
272,550,16,719,264
273,169,0,314,222
273,550,16,719,264
274,170,0,314,222
274,550,17,719,264
275,170,0,314,222
275,550,16,719,264
276,170,0,314,222
276,550,17,719,264
277,170,0,314,222
277,550,17,719,263
278,170,0,314,221
278,550,17,719,264
279,171,0,314,221
279,550,17,719,264
280,171,0,313,220
280,550,17,719,264
281,171,0,313,218
281,550,17,719,264
282,171,0,267,109
282,550,17,719,264
282,188,98,224,128
282,220,110,313,216
283,171,0,266,108
283,550,17,719,264
283,189,97,224,127
283,221,112,314,216
284,171,0,263,108
284,550,17,719,264
284,226,120,313,215
285,171,0,259,108
285,550,17,719,264
285,196,97,224,128
285,227,120,314,216
286,171,0,256,107
286,550,17,719,264
286,227,141,301,203
287,171,1,253,93
287,550,17,719,264
287,230,141,296,199
288,170,3,249,91
288,550,17,719,264
288,198,104,225,131
288,231,142,301,195
289,170,9,248,91
289,550,17,719,264
289,245,149,299,194
290,169,17,247,68
290,550,17,719,264
290,249,150,296,193
291,169,16,247,68
291,550,17,719,264
291,249,151,292,193
292,169,16,245,69
292,550,18,719,264
292,249,162,292,192
293,168,16,243,69
293,550,18,719,264
293,234,151,291,192
294,169,16,242,67
294,550,18,719,264
294,279,39,306,75
294,250,164,292,192
295,169,16,242,67
295,550,18,719,264
295,279,39,306,76
296,169,16,229,60
296,550,18,719,264
296,278,37,306,77
296,284,94,310,137
297,169,17,214,60
297,550,18,719,263
297,278,36,307,77
298,170,18,214,60
298,550,18,719,263
298,278,36,307,76
299,550,18,719,263
299,170,19,210,58
299,277,34,307,75
299,284,88,310,137
299,209,111,238,136
300,550,18,719,263
300,171,21,210,58
300,277,34,307,76
300,284,88,310,137
300,209,111,238,136
301,550,18,719,263
301,180,32,209,57
301,277,34,307,76
301,284,88,308,118
301,209,111,238,136
302,550,18,719,263
302,278,35,307,76
302,284,88,310,148
303,550,18,719,263
303,277,33,307,76
303,284,88,310,131
304,550,18,719,263
304,277,33,308,76
304,284,88,310,148
305,550,17,719,263
305,277,33,308,76
305,284,83,310,148
306,550,17,719,263
306,278,35,310,131
307,550,17,719,263
307,277,33,308,76
307,284,83,310,148
308,550,17,719,263
308,277,33,310,148
309,550,17,719,263
309,278,35,307,76
309,283,83,310,148
310,550,17,719,263
310,278,35,307,76
310,283,83,310,148
311,550,17,719,263
311,278,35,307,76
311,283,83,310,148
312,550,17,719,263
312,278,35,307,76
312,283,83,310,149
313,550,17,719,263
313,278,35,307,76
313,283,83,310,148
314,550,17,719,263
314,278,35,307,76
314,283,83,311,148
315,550,17,719,263
315,278,35,307,76
315,283,83,309,148
316,205,0,243,22
316,550,17,719,263
316,278,35,307,76
316,283,83,309,126
317,205,0,243,22
317,550,17,719,263
317,278,35,307,76
317,283,83,309,126
318,206,0,243,22
318,550,18,719,263
318,278,35,308,77
318,283,83,309,126
318,212,98,239,137
319,206,0,243,22
319,550,18,719,263
319,278,35,308,77
319,283,83,309,126
320,206,0,243,22
320,550,18,719,263
320,278,34,308,79
320,283,83,309,126
320,212,98,239,137
321,206,0,243,22
321,550,18,719,263
321,278,34,308,79
321,283,83,309,126
322,206,0,243,21
322,550,18,719,263
322,278,34,308,79
322,283,83,309,126
323,206,0,244,22
323,550,18,719,263
323,278,34,308,79
323,283,84,309,126
324,206,0,244,22
324,550,18,719,263
324,278,34,308,79
324,283,93,309,126
325,206,0,245,23
325,550,18,719,263
325,278,34,308,79
325,283,93,309,126
326,206,0,245,23
326,550,18,719,263
326,278,34,308,79
326,283,89,309,126
327,208,0,246,24
327,550,18,719,263
327,278,34,309,79
327,283,89,309,126
328,208,0,248,26
328,550,18,719,263
328,278,34,309,79
328,283,89,309,126
329,208,0,248,26
329,550,18,719,263
329,278,34,309,84
329,283,89,309,126
330,208,0,258,46
330,550,18,719,263
330,278,34,309,84
330,284,89,309,126
331,210,0,258,46
331,550,18,719,263
331,278,34,309,84
331,284,93,309,126
332,210,0,256,38
332,550,18,719,263
332,278,34,309,85
332,284,93,311,138
332,212,110,240,137
333,210,0,256,38
333,550,18,719,263
333,278,33,309,85
333,284,93,311,138
334,210,0,256,38
334,550,18,719,263
334,278,34,309,85
334,284,93,311,138
335,210,0,253,33
335,550,18,719,263
335,278,34,309,86
335,284,92,311,138
336,210,0,253,33
336,550,18,719,263
336,278,33,309,86
336,285,93,311,138
336,212,111,240,137
337,210,0,253,33
337,550,18,719,264
337,278,33,309,86
337,212,111,240,137
338,210,0,253,33
338,550,18,719,264
338,278,33,309,86
338,285,94,311,138
338,212,111,240,137
339,210,0,246,23
339,550,18,719,263
339,278,33,309,86
339,285,94,311,147
340,210,0,246,23
340,550,18,719,263
340,278,33,309,84
340,285,94,311,147
341,210,0,246,23
341,550,18,719,263
341,278,33,309,84
341,285,94,311,147
342,210,0,246,23
342,550,18,719,264
342,278,33,309,84
342,285,94,311,138
343,210,0,246,23
343,550,18,719,263
343,278,33,309,75
344,210,0,246,23
344,550,17,719,263
344,278,33,309,75
345,210,0,246,23
345,550,17,719,263
345,278,33,309,75
346,550,17,719,263
346,278,33,309,75
347,550,17,719,263
348,550,17,719,263
349,550,17,719,263
350,550,17,719,263
351,550,17,719,263
352,550,16,719,263
353,550,16,719,263
354,611,16,719,170
354,550,162,679,263
355,611,16,719,170
355,550,162,678,263
356,613,16,719,170
356,550,162,678,263
357,625,16,719,170
357,550,175,657,263
358,625,16,719,171
358,550,175,657,263
359,625,16,719,170
359,550,175,657,263
360,627,16,719,176
360,550,175,657,263
361,628,16,719,174
361,550,175,657,262
362,628,15,719,179
362,583,175,657,259
363,628,15,719,179
363,583,175,657,259
364,642,15,719,178
364,628,99,656,127
364,583,175,657,259
365,659,15,719,161
365,642,72,684,104
365,583,175,657,259
366,663,15,719,161
366,642,72,672,100
366,583,176,657,257
367,663,15,719,161
367,642,72,671,100
367,583,176,657,257
368,667,15,719,161
368,642,73,670,100
368,583,177,657,257
369,667,15,719,162
369,642,74,670,99
369,583,177,657,256
370,669,15,719,162
370,616,177,657,219
370,584,220,624,256
371,672,15,719,162
371,616,178,657,219
371,584,222,624,256
372,678,15,719,175
372,618,178,657,216
372,584,222,624,256
373,619,179,657,215
373,584,222,624,256
374,684,15,719,97
374,693,99,719,162
374,619,179,657,215
374,586,222,624,256
375,684,15,719,97
375,693,99,719,162
375,619,179,657,216
375,587,222,624,255
376,684,15,719,97
376,694,101,719,162
376,620,180,657,215
376,587,222,624,255
377,684,16,719,97
377,694,107,719,162
377,621,180,657,214
377,587,222,624,255
378,684,16,719,97
378,694,107,719,162
378,587,222,624,255
379,684,16,719,96
379,694,107,719,161
379,592,225,621,255
380,684,15,719,96
380,697,107,719,154
380,594,225,621,255
381,684,15,719,95
381,697,107,719,154
382,684,15,719,95
382,697,107,719,154
383,685,15,719,95
383,697,107,719,154
384,685,16,719,94
385,688,28,719,94
386,685,28,719,94
387,685,30,719,94
388,697,36,719,93
389,685,29,719,93
390,685,29,719,93
391,685,29,719,93
392,685,29,719,91
393,685,29,719,91
394,686,29,719,91
395,699,32,719,89
396,686,25,719,89
397,686,25,719,89
398,687,23,719,87
399,688,17,719,87
400,686,17,719,87
401,687,16,719,87
402,687,16,719,87
403,686,16,719,87
404,688,16,719,87
405,687,15,719,87
406,686,18,719,87
407,687,23,719,84
408,686,23,719,83
409,685,17,719,83
410,685,11,719,83
411,691,9,719,83
412,688,9,719,83
413,693,9,719,83
414,688,9,719,83
415,688,9,719,83
416,688,9,719,83
417,695,9,719,83
418,695,9,719,83
418,196,93,226,119
419,695,9,719,83
419,193,94,224,121
420,694,9,719,83
420,192,94,225,124
421,694,9,719,83
421,191,90,233,126
422,694,9,719,83
422,190,90,233,126
423,694,9,719,83
423,190,96,224,127
424,693,9,719,83
424,190,96,224,126
425,694,9,719,82
425,188,93,233,126
426,693,9,719,82
426,186,91,233,127
427,692,9,719,82
427,185,90,233,127
428,692,9,719,82
428,183,88,233,126
428,590,139,618,167
429,691,25,719,83
429,183,88,233,125
429,590,138,618,167
430,677,25,719,82
430,183,81,237,125
430,590,138,618,166
431,690,25,719,83
431,183,79,238,125
431,590,137,618,166
432,690,25,719,83
432,183,79,238,125
432,589,137,617,165
433,690,25,719,83
433,185,83,236,125
433,589,137,617,165
434,687,25,719,84
434,185,88,234,124
434,589,135,617,165
435,687,25,719,84
435,187,89,233,125
435,589,132,617,165
436,687,25,719,84
436,188,90,233,126
436,588,131,617,165
437,687,25,719,84
437,188,93,233,126
437,588,131,617,165
438,687,27,719,84
438,191,96,224,126
438,588,129,617,165
439,687,27,719,84
439,192,96,224,126
439,588,129,617,165
440,687,27,719,84
440,587,129,617,165
441,687,27,719,85
441,587,130,617,165
442,677,27,719,84
442,587,130,613,164
443,676,27,719,85
443,587,131,614,164
444,676,27,719,85
444,587,131,613,165
445,675,27,719,85
445,587,132,615,168
446,676,27,719,86
446,587,134,615,169
447,676,29,719,86
447,587,136,615,170
448,676,29,719,86
448,587,137,614,171
449,677,29,719,87
449,587,138,614,172
450,677,29,719,87
450,587,140,614,172
451,677,29,719,88
451,587,140,614,173
452,691,29,719,88
452,588,146,614,173
453,691,29,719,87
454,691,30,719,87
455,691,30,719,88
456,691,31,719,88
457,692,32,719,87
458,692,32,719,86
459,692,33,719,86
460,693,33,719,83
461,693,34,719,83
462,693,38,719,78
463,694,39,719,70
464,694,39,719,73
465,694,40,719,71
466,694,40,719,72
467,693,40,719,71
468,693,40,719,73
469,694,41,719,69
470,694,40,719,70
471,694,40,719,69
472,694,40,719,69
473,694,40,719,71
474,693,39,719,69
475,694,40,719,69
476,694,39,719,70
477,694,39,719,69
479,693,39,718,68
520,697,25,719,56
521,696,26,719,58
526,639,49,679,86
526,675,67,702,95
527,675,67,702,95
528,675,67,702,95
529,675,68,702,95
530,675,67,702,95
531,675,68,702,95
550,585,141,610,178
551,583,140,611,178
552,581,139,611,180
553,579,128,613,164
554,579,128,613,164
555,580,128,613,165
556,581,140,608,176
557,580,141,608,178
657,201,108,228,147
658,197,121,227,149
659,196,124,226,151
660,195,116,242,163
661,196,128,243,164
662,197,130,243,164
663,195,130,243,164
664,198,131,243,164
665,199,131,243,164
666,198,131,243,164
667,199,130,243,164
668,199,128,243,164
669,200,128,243,164
670,200,131,242,164
671,199,131,242,164
672,199,132,242,164
673,200,131,242,164
674,198,131,242,164
675,198,131,242,164
676,198,131,242,165
677,198,131,243,165
678,197,131,243,165
679,198,132,243,165
680,199,132,243,165
681,199,132,243,165
682,199,132,243,165
683,197,132,243,165
684,197,132,243,165
685,199,132,243,165
686,199,132,243,165
687,197,132,243,165
688,197,132,243,165
689,197,132,243,166
690,197,132,243,166
691,197,132,243,166
692,197,132,243,166
693,197,132,243,166
694,197,132,243,166
695,198,133,243,166
696,198,133,243,166
697,197,133,243,166
698,198,133,243,166
699,198,133,243,166
700,198,133,243,166
701,198,133,243,166
702,197,133,243,166
703,196,133,243,166
704,196,133,243,166
705,198,133,243,166
706,197,133,243,166
707,199,133,243,166
708,198,133,243,166
709,198,132,243,166
710,198,133,243,166
711,198,133,243,166
712,197,133,243,166
713,198,133,243,166
714,197,133,243,166
715,198,133,243,166
716,197,133,243,166
717,197,133,243,166
718,197,133,243,166
719,198,133,243,166
720,198,132,243,166
721,198,133,243,166
722,198,133,243,167
723,198,133,243,166
724,198,133,243,166
725,198,133,243,166
726,198,133,243,166
727,198,133,243,166
728,198,133,243,166
729,198,133,243,166
730,198,133,243,166
731,675,59,701,87
731,197,133,243,166
732,675,51,701,87
732,198,133,243,166
733,675,59,701,87
733,197,133,243,166
734,675,59,701,89
734,197,133,243,166
735,674,56,701,89
735,197,133,243,166
736,674,55,701,89
736,198,133,243,166
737,674,59,701,88
737,198,133,243,166
738,675,59,701,89
738,196,133,243,166
739,675,59,700,88
739,198,133,243,166
740,675,59,700,88
740,197,133,241,166
741,675,59,700,88
741,197,133,241,166
742,197,133,241,166
743,197,132,241,166
744,197,132,241,166
745,197,132,241,166
746,197,132,241,166
747,197,133,241,166
748,197,133,241,166
749,197,133,241,166
750,197,133,241,166
751,197,133,241,166
752,197,133,241,166
753,198,133,241,166
754,197,133,241,166
756,197,133,241,166
757,197,132,241,166
758,210,143,241,166
759,197,133,241,166
760,197,132,239,165
761,197,132,241,166
762,672,31,699,77
762,197,132,239,165
763,672,29,700,62
763,197,132,241,166
764,671,28,701,64
764,197,133,241,166
765,671,28,701,64
765,197,132,241,166
766,672,27,701,63
766,197,132,240,166
766,586,139,617,179
767,672,27,702,63
767,197,132,241,166
768,672,27,702,64
768,197,132,241,166
769,672,28,702,64
769,197,132,241,166
769,587,140,617,180
770,672,27,702,64
770,197,132,241,166
770,586,140,617,180
771,672,28,701,64
771,586,140,617,180
772,672,28,701,64
772,197,132,241,166
772,585,140,616,181
773,672,33,698,64
773,655,66,698,100
773,197,132,241,166
773,585,139,617,181
774,672,33,699,64
774,585,139,617,181
775,672,36,698,64
775,585,139,617,181
776,197,132,241,166
776,584,139,614,181
777,584,139,616,181
778,584,139,616,181
779,584,139,614,180
780,584,139,613,181
781,584,139,613,180
782,584,139,615,181
783,583,139,613,181
784,584,139,615,181
785,584,139,615,181
786,584,139,615,181
787,584,139,615,181
788,584,139,613,181
789,584,139,615,181
793,585,139,614,181
794,585,139,614,181
795,585,140,614,181
798,591,155,618,182
825,196,107,226,150
826,194,105,224,149
827,195,103,221,147
831,195,108,226,136
832,194,106,227,135
833,195,105,227,133
834,196,103,228,132
835,197,103,227,132
836,198,106,228,131
837,199,105,228,131
838,199,105,228,131
839,673,42,717,76
841,673,42,717,75
842,672,41,717,80
843,671,41,717,81
844,671,40,719,91
845,671,39,719,91
846,671,39,719,91
847,671,39,719,92
848,670,39,719,91
849,670,39,719,91
849,686,137,715,165
850,653,39,719,98
851,653,39,719,98
852,669,39,719,91
853,669,39,719,91
854,669,39,719,89
855,669,39,719,88
856,668,39,719,88
856,580,108,614,157
857,668,39,719,88
857,580,108,614,157
858,668,39,719,88
859,669,39,719,87
860,669,39,719,86
861,669,39,719,86
862,669,40,719,86
863,669,39,719,86
864,669,40,719,86
865,669,52,719,85
866,670,52,719,85
867,670,52,719,85
868,671,52,719,85
869,671,53,719,85
870,671,52,719,84
871,670,52,719,84
872,670,52,719,84
873,690,51,719,83
874,686,8,715,36
874,689,51,719,83
875,687,8,715,35
875,689,50,719,83
876,685,8,715,38
876,689,50,719,82
877,685,8,715,38
877,688,50,719,82
878,684,8,715,39
878,688,50,719,81
878,204,106,237,130
879,688,50,718,81
879,204,106,237,130
880,688,50,718,81
880,204,106,237,130
881,688,49,718,81
881,204,106,237,130
882,687,49,718,81
883,687,49,718,81
884,687,49,718,81
885,687,49,718,81
886,687,49,718,81
887,687,49,718,81
888,687,49,718,81
889,687,49,718,81
890,687,49,718,81
891,687,49,718,81
892,687,49,718,81
893,687,49,718,82
894,687,49,718,81
895,687,48,718,81
896,687,49,718,81
897,687,49,718,81
898,686,49,718,81
899,687,49,718,81
900,686,49,718,81
901,686,48,718,81
902,686,48,718,81
903,686,48,718,81
904,686,48,718,81
905,686,48,718,81
906,686,48,718,81
907,686,48,718,82
908,686,48,718,82
909,687,48,718,82
910,686,49,718,82
911,687,48,718,82
912,687,48,718,82
913,687,48,717,82
914,687,49,717,82
915,687,49,717,82
916,686,7,714,34
916,687,49,717,82
917,686,7,714,34
917,687,49,717,82
918,686,7,714,34
918,687,48,717,82
919,686,7,714,34
919,687,48,717,82
920,686,7,714,34
920,687,48,716,82
921,686,7,714,34
921,687,49,716,82
922,686,7,714,34
922,688,49,716,82
923,688,49,716,82
924,688,49,716,82
925,687,49,716,83
926,688,49,716,82
927,688,49,716,83
928,688,54,716,83
929,688,54,716,83
930,688,58,716,83
931,688,58,716,83
932,688,58,716,83
933,688,58,716,83
934,688,58,716,83
935,688,58,716,83
964,180,36,210,61
965,194,101,224,136
966,192,102,224,136
967,191,102,220,129
968,194,104,222,135
970,195,105,221,135
971,194,105,221,132
972,166,23,234,64
972,194,104,222,131
973,166,24,236,64
973,193,104,222,130
974,166,23,237,65
974,191,104,222,130
975,166,23,243,66
975,189,105,221,131
976,166,24,243,67
976,191,105,221,130
977,191,106,221,134
978,191,106,221,134
979,191,106,221,134
980,166,15,246,69
980,191,106,221,134
981,166,15,250,70
981,191,105,221,134
982,166,16,250,70
982,191,105,221,131
983,166,16,250,70
983,190,104,222,131
984,166,16,250,71
984,192,102,222,135
985,166,16,250,71
985,189,100,229,139
986,166,16,250,71
986,183,98,229,140
987,166,16,250,71
987,194,96,229,140
988,166,16,250,70
989,186,91,229,139
990,184,89,229,119
991,172,87,229,135
992,171,87,229,135
993,174,88,229,135
994,166,27,239,68
994,178,91,229,138
995,165,26,239,68
995,181,96,227,138
996,165,25,238,68
996,186,103,225,138
997,164,25,237,68
997,188,105,226,138
998,164,23,237,68
998,197,108,226,138
999,164,21,236,69
1000,163,20,236,69
1001,163,19,235,69
1002,163,19,234,68
1003,162,20,233,69
1004,162,20,234,68
1005,162,20,234,68
1006,162,20,233,67
1007,163,20,233,67
1008,163,21,233,67
1009,163,22,233,65
1010,163,22,232,65
1011,163,22,232,65
1012,163,22,231,64
1013,163,20,231,64
1014,162,14,231,64
1015,162,13,231,64
1016,161,13,231,65
1017,161,13,231,66
1018,160,13,231,68
1019,159,13,232,68
1020,159,13,231,68
1021,158,13,231,69
1022,158,14,214,70
1023,159,18,217,71
1023,290,125,316,157
1023,222,128,250,156
1023,300,176,327,206
1024,159,19,221,72
1024,234,24,266,62
1024,290,101,318,157
1024,222,124,254,156
1024,300,177,326,206
1025,290,93,320,157
1025,217,103,262,159
1026,218,77,258,129
1026,291,85,323,154
1026,222,127,288,170
1027,290,64,325,153
1027,219,73,261,128
1027,223,131,290,171
1028,163,19,268,99
1028,290,57,328,172
1028,220,101,251,145
1028,246,137,291,171
1029,233,24,330,169
1029,164,26,229,73
1029,221,104,251,151
1029,260,134,291,170
1029,280,225,307,253
1030,234,22,272,97
1030,166,30,229,73
1030,260,46,333,175
1030,222,97,267,155
1030,284,211,332,252
1031,169,21,275,98
1031,260,40,335,177
1031,222,114,253,160
1031,291,209,334,250
1032,176,21,275,82
1032,240,32,342,177
1032,222,114,254,160
1032,297,217,327,244
1033,238,20,352,177
1033,181,35,236,85
1033,221,99,258,164
1033,303,214,337,245
1034,239,19,355,177
1034,185,35,237,89
1034,221,96,259,160
1034,310,210,343,240
1035,242,19,371,177
1035,193,35,238,97
1035,246,55,283,96
1035,221,95,259,161
1035,316,206,349,235
1036,241,18,371,177
1036,196,35,286,162
1036,321,203,354,229
1037,197,18,379,186
1037,325,200,358,226
1038,199,16,381,177
1038,328,199,360,226
1039,201,8,374,177
1039,330,199,362,227
1040,201,3,373,179
1040,332,200,364,229
1041,202,4,371,176
1041,334,202,365,230
1042,204,5,368,189
1042,336,205,367,232
1043,207,6,365,191
1043,338,207,370,235
1044,209,8,364,176
1044,342,209,373,238
1045,217,9,365,191
1045,345,211,376,240
1046,234,10,366,175
1046,347,213,378,241
1047,240,10,367,175
1047,349,214,381,243
1048,245,11,367,175
1048,350,215,382,244
1049,225,10,367,198
1049,350,215,382,244
1050,226,10,369,199
1050,350,217,382,246
1051,272,10,372,167
1051,230,165,260,208
1051,350,217,382,246
1052,280,10,375,187
1052,252,144,283,168
1052,350,218,382,246
1053,286,9,378,170
1053,351,218,382,246
1054,287,9,382,189
1054,351,218,382,246
1055,289,10,389,173
1055,351,218,382,246
1056,271,11,396,175
1056,351,218,382,246
1057,263,12,403,178
1057,351,218,382,246
1058,273,14,411,181
1058,351,218,382,246
1059,275,15,417,184
1059,337,218,382,249
1060,278,18,424,187
1060,350,196,382,244
1061,281,20,431,196
1061,346,192,386,235
1061,332,242,363,267
1062,284,23,437,243
1062,346,251,383,287
1063,287,25,442,297
1064,290,29,446,304
1065,294,33,450,310
1066,299,37,453,314
1067,303,41,456,318
1068,687,2,719,30
1068,308,47,459,322
1069,687,1,719,29
1069,313,50,460,319
1070,683,0,719,33
1070,317,55,462,321
1070,61,221,133,290
1071,677,0,719,37
1071,322,59,466,323
1071,50,213,133,293
1072,675,0,719,39
1072,328,64,472,323
1072,680,70,711,98
1073,673,0,719,47
1073,680,47,711,98
1073,333,68,478,323
1074,666,0,719,55
1074,680,46,711,98
1074,339,73,485,323
1075,665,0,719,97
1075,345,77,492,323
1075,575,190,601,220
1075,33,198,132,292
1076,662,0,719,98
1076,350,83,500,323
1076,571,182,603,225
1076,36,199,132,292
1076,27,249,84,296
1077,662,0,719,98
1077,355,89,509,323
1077,568,178,604,230
1077,43,210,133,292
1077,24,248,83,298
1078,652,0,719,98
1078,619,73,666,114
1078,360,95,518,323
1078,565,174,605,252
1078,42,210,132,292
1078,172,221,199,250
1078,24,248,84,301
1079,614,0,719,111
1079,365,101,529,323
1079,544,171,606,262
1079,47,210,127,288
1079,170,218,199,247
1079,24,248,92,302
1080,607,0,719,118
1080,370,105,539,289
1080,540,170,606,262
1080,48,213,122,281
1080,170,216,198,249
1080,24,248,89,301
1080,394,287,444,323
1081,599,0,719,118
1081,375,111,550,326
1081,535,168,606,261
1081,50,213,120,280
1081,25,249,93,302
1082,590,0,719,131
1082,380,116,560,328
1082,529,147,610,260
1082,54,217,105,267
1082,25,249,95,305
1082,394,297,427,334
1083,170,217,196,246
1083,55,218,96,260
1083,24,251,93,308
1084,169,216,207,262
1084,66,228,96,257
1084,26,251,94,308
1085,27,258,93,309
1086,17,265,84,309
1087,15,264,81,309
1088,15,268,81,308
1089,18,276,70,308
1089,225,341,267,368
1090,604,188,639,220
1090,5,279,42,327
1090,209,333,267,376
1091,601,205,649,257
1091,4,292,37,328
1091,207,328,267,378
1092,595,184,663,267
1092,205,328,268,380
1093,415,0,679,394
1093,6,297,34,328
1093,204,331,268,394
1094,425,0,685,394
1094,203,331,269,394
1095,433,0,693,397
1095,614,154,654,192
1095,203,333,265,395
1096,434,0,703,398
1096,611,151,646,184
1096,203,334,266,399
1097,422,0,709,395
1097,611,151,646,184
1097,203,334,261,393
1097,190,375,227,411
1098,435,0,715,408
1098,203,333,256,388
1098,130,343,161,385
1098,197,383,223,412
1099,437,0,716,420
1099,611,151,646,184
1099,202,336,253,387
1099,131,346,161,383
1100,473,0,634,255
1100,437,231,719,425
1100,203,337,251,387
1100,129,345,162,388
1100,456,387,497,438
1101,473,0,646,255
1101,443,243,719,454
1101,203,336,248,384
1101,132,357,159,388
1101,460,408,499,446
1102,473,0,646,255
1102,444,248,719,470
1102,203,337,247,381
1103,472,0,654,255
1103,446,256,719,447
1104,465,0,610,255
1104,592,138,637,177
1104,446,265,719,438
1105,459,0,604,255
1105,592,139,646,184
1105,450,260,719,439
1105,537,445,565,478
1106,441,0,596,256
1106,592,139,646,184
1106,450,284,719,446
1106,536,451,567,479
1107,423,0,588,256
1107,592,138,654,192
1107,641,259,675,286
1107,449,295,719,448
1107,537,457,567,479
1108,408,0,582,256
1108,592,138,654,192
1108,449,305,719,465
1109,397,0,575,256
1109,592,138,654,192
1109,659,190,694,228
1109,641,258,675,286
1109,453,317,719,479
1110,390,0,567,256
1110,591,138,646,184
1110,458,329,719,479
1111,388,0,560,256
1111,591,138,654,192
1111,639,259,675,287
1111,461,335,719,479
1112,388,0,552,256
1112,591,139,639,179
1113,388,0,544,256
1113,332,6,382,50
1113,591,139,639,179
1114,387,0,536,255
1114,336,18,376,51
1114,590,141,632,173
1115,387,0,529,254
1115,335,24,367,51
1115,590,140,630,172
1116,387,0,522,239
1117,388,0,516,251
1117,332,21,367,50
1118,388,0,510,250
1119,388,0,502,249
1120,382,0,496,249
1121,374,0,490,249
1122,367,0,485,250
1123,362,0,478,252
1124,350,0,472,253
1125,332,0,465,253
1126,318,0,458,251
1127,311,0,450,249
1128,308,0,447,249
1129,308,0,446,249
1130,308,0,445,250
1131,308,0,442,250
1132,308,0,436,250
1133,307,0,438,250
1134,299,0,430,250
1135,291,0,421,250
1136,283,0,410,250
1137,275,0,399,250
1138,268,0,387,250
1138,217,152,247,178
1139,261,0,382,250
1140,254,0,378,250
1141,247,0,374,250
1142,241,0,370,250
1143,236,0,368,250
1144,232,0,367,250
1145,232,0,366,250
1146,229,0,365,250
1147,227,0,366,250
1148,225,0,365,249
1149,222,0,363,249
1149,249,64,277,93
1149,229,156,260,181
1150,221,0,359,248
1150,214,155,253,182
1151,221,0,354,246
1151,240,61,273,93
1152,205,0,348,249
1153,201,0,342,249
1154,221,0,308,58
1155,218,0,304,59
1155,247,78,330,250
1156,221,0,299,63
1156,193,88,319,251
1157,204,0,293,64
1157,191,90,318,252
1158,202,0,291,65
1158,243,126,318,252
1159,199,0,289,65
1159,242,144,318,253
1160,198,10,288,66
1160,241,145,318,253
1161,215,10,287,67
1161,189,146,318,253
1162,214,10,286,69
1162,190,146,318,253
1163,197,10,285,69
1163,190,146,318,253
1164,211,11,283,78
1164,190,147,318,253
1165,216,12,282,80
1165,190,147,318,253
1166,215,12,281,81
1166,189,147,318,253
1167,171,0,208,21
1167,214,12,282,82
1167,191,147,318,253
1168,170,0,208,22
1168,214,12,282,82
1168,191,147,318,253
1169,169,0,209,24
1169,205,12,283,82
1169,191,147,318,253
1170,169,0,208,24
1170,214,12,283,82
1170,243,67,270,95
1170,191,147,318,253
1171,169,0,208,24
1171,214,12,283,80
1171,191,146,318,253
1172,170,0,208,22
1172,204,14,282,80
1172,191,146,318,253
1173,171,0,208,21
1173,205,14,281,80
1173,191,146,318,253
1174,205,13,276,80
1174,202,145,318,253
1175,208,12,276,79
1175,191,145,318,253
1176,217,12,275,78
1176,190,145,318,253
1177,194,11,282,78
1177,191,144,318,253
1178,208,11,282,77
1178,191,145,318,253
1179,207,11,283,77
1179,191,144,318,253
1180,208,11,283,69
1180,191,144,318,253
1181,209,10,283,69
1181,191,144,318,253
1182,209,10,283,68
1182,191,142,318,253
1183,210,10,283,68
1183,191,138,318,253
1184,198,11,282,68
1184,191,136,318,253
1185,210,10,283,68
1185,190,134,318,253
1186,210,10,282,67
1186,190,134,318,253
1187,210,10,283,67
1187,189,131,318,253
1188,211,10,283,67
1188,189,131,318,253
1189,211,10,282,67
1189,194,96,221,123
1189,189,131,318,253
1190,210,10,284,67
1190,194,96,221,123
1190,242,131,318,253
1190,189,150,242,181
1191,211,10,283,67
1191,193,96,221,124
1191,242,131,318,253
1191,189,150,242,181
1192,211,10,284,67
1192,192,97,230,124
1192,241,132,318,253
1192,190,150,241,180
1193,211,10,284,68
1193,192,97,230,124
1193,241,134,318,253
1193,191,150,241,179
1194,210,10,284,67
1194,190,97,230,124
1194,241,134,318,253
1194,190,150,242,180
1195,211,10,285,67
1195,190,97,230,124
1195,241,134,318,253
1195,190,150,241,180
1196,211,10,284,68
1196,191,98,230,124
1196,241,133,318,253
1196,190,150,241,179
1197,211,9,284,67
1197,191,97,230,124
1197,241,133,318,253
1197,189,150,241,180
1198,211,9,284,68
1198,190,97,230,124
1198,241,134,318,253
1198,189,150,241,180
1199,211,9,285,68
1199,191,97,230,124
1199,241,133,318,253
1199,189,150,241,180
1200,211,9,285,67
1200,191,97,230,124
1200,241,134,318,253
1200,189,150,241,181
1201,212,9,286,66
1201,191,98,230,124
1201,241,134,318,253
1201,191,150,241,180
1202,212,9,286,67
1202,191,98,230,124
1202,241,134,318,253
1202,189,150,241,180
1203,212,9,285,67
1203,191,98,230,124
1203,241,138,318,253
1203,189,150,241,181
1204,213,9,285,67
1204,191,98,230,124
1204,241,138,318,253
1204,189,150,242,180
1205,214,10,284,66
1205,191,98,230,124
1205,241,138,318,252
1205,189,150,242,181
1206,214,10,284,67
1206,191,97,230,123
1206,189,138,318,252
1207,214,11,284,67
1207,191,97,230,124
1207,190,150,318,252
1208,228,12,283,67
1208,190,97,230,124
1208,190,150,318,252
1209,228,13,275,67
1209,190,96,230,124
1209,190,150,318,251
1210,228,14,273,67
1210,191,96,221,123
1210,190,150,318,251
1211,228,15,272,67
1211,186,42,214,68
1211,191,96,221,123
1211,190,150,239,183
1211,242,152,318,251
1212,233,16,270,64
1212,182,40,215,70
1212,189,96,220,123
1212,291,98,316,135
1212,190,150,318,251
1213,235,17,270,63
1213,181,40,217,72
1213,189,96,230,123
1213,291,96,316,135
1213,190,152,316,251
1214,236,18,282,67
1214,179,39,219,74
1214,189,96,230,123
1214,291,96,316,135
1214,190,152,316,251
1215,237,19,281,67
1215,175,36,218,75
1215,189,96,230,123
1215,291,96,316,135
1215,190,152,316,251
1216,237,20,282,68
1216,176,39,217,75
1216,290,93,317,135
1216,189,96,230,123
1216,190,152,316,251
1217,236,21,282,69
1217,173,35,218,77
1217,290,93,317,135
1217,189,96,230,123
1217,190,152,316,252
1218,236,22,281,69
1218,172,35,217,77
1218,291,95,317,135
1218,189,96,229,123
1218,191,152,316,251
1219,235,22,281,70
1219,170,33,230,78
1219,189,95,229,123
1219,291,95,317,135
1219,191,153,316,251
1220,234,23,282,71
1220,168,31,232,79
1220,290,93,317,135
1220,190,95,229,123
1220,191,153,316,251
1221,234,24,281,71
1221,167,30,233,79
1221,290,93,317,134
1221,190,95,229,123
1221,191,153,316,251
1222,234,24,281,72
1222,167,30,233,80
1222,290,93,317,134
1222,191,95,229,123
1222,191,153,316,251
1223,291,94,317,134
1223,191,96,220,123
1223,191,153,316,251
1224,291,94,317,133
1224,191,96,220,123
1224,191,153,316,251
1225,291,94,317,133
1225,192,96,221,123
1225,191,153,316,251
1226,291,94,317,133
1226,191,96,221,123
1226,191,153,316,251
1227,291,95,317,133
1227,188,96,221,123
1227,191,153,316,251
1228,291,95,317,133
1228,191,96,221,123
1228,193,153,316,251
1229,191,96,221,123
1229,193,153,316,251
1230,191,96,221,123
1230,193,153,316,251
1231,190,96,221,123
1231,193,153,316,251
1232,192,97,221,124
1232,195,153,316,251
1233,192,96,221,124
1233,195,153,316,251
1234,192,96,221,124
1234,249,158,316,251
1235,192,96,221,124
1235,249,158,316,251
1236,192,97,220,124
1236,249,158,316,251
1237,192,97,220,124
1237,249,158,316,251
1238,192,97,220,124
1238,249,172,316,251
1239,192,97,220,124
1239,195,153,250,184
1239,249,172,316,251
1240,192,97,220,124
1240,250,172,316,251
1241,191,97,220,125
1241,250,172,316,251
1242,191,98,220,125
1242,250,172,316,251
1243,191,98,220,125
1243,254,173,316,251
1244,191,97,220,125
1244,195,153,250,184
1244,257,173,316,249
1245,191,97,220,125
1245,195,153,250,184
1245,257,173,316,249
1246,191,97,220,125
1246,195,153,250,184
1246,259,173,316,248
1247,191,97,220,124
1247,195,153,250,184
1247,259,173,315,248
1248,190,97,220,125
1248,195,153,250,184
1248,259,173,315,248
1249,190,97,220,125
1249,195,153,250,184
1249,259,173,315,248
1250,190,97,220,125
1250,195,153,250,184
1250,259,173,315,248
1251,190,97,220,124
1251,195,153,249,184
1251,259,173,315,248
1252,162,27,228,82
1252,229,30,277,74
1252,190,97,220,124
1252,195,153,250,184
1252,259,173,315,248
1253,161,26,227,82
1253,229,30,277,75
1253,192,97,220,123
1253,195,153,249,184
1253,259,173,315,248
1254,162,21,227,81
1254,230,30,276,73
1254,191,97,220,123
1254,195,153,249,184
1254,259,173,315,248
1255,161,22,227,81
1255,230,30,276,73
1255,191,96,220,123
1255,195,153,249,184
1255,259,173,315,248
1256,161,19,226,81
1256,229,30,277,75
1256,189,96,220,123
1256,195,153,249,183
1256,259,173,315,248
1257,186,96,220,123
1257,195,153,249,183
1257,259,173,315,248
1258,190,96,219,123
1258,195,153,249,183
1258,259,173,315,248
1259,161,18,225,80
1259,230,30,276,73
1259,189,96,219,124
1259,218,153,249,182
1259,262,173,315,247
1260,161,13,225,79
1260,230,30,276,73
1260,186,95,218,124
1260,262,173,315,246
1261,161,13,225,79
1261,230,34,274,71
1261,187,95,226,123
1261,263,173,315,245
1262,161,13,209,78
1262,230,34,274,71
1262,185,94,226,123
1262,263,176,315,245
1263,161,12,210,78
1263,230,34,278,73
1263,181,93,227,124
1263,263,176,312,245
1264,161,12,209,77
1264,230,34,278,73
1264,180,93,227,124
1264,218,153,248,182
1264,263,178,292,204
1264,266,197,312,245
1265,161,12,209,76
1265,230,34,272,71
1265,181,92,227,124
1265,263,178,292,204
1265,266,197,312,245
1266,161,11,209,76
1266,219,34,274,76
1266,180,92,227,127
1266,263,178,292,204
1267,161,11,210,76
1267,220,34,277,74
1267,181,92,227,128
1267,263,178,292,204
1268,161,9,209,75
1268,220,34,276,74
1268,183,93,227,128
1268,264,179,292,204
1269,162,9,210,75
1269,220,34,275,74
1269,186,95,227,128
1270,162,9,210,75
1270,220,34,276,74
1270,188,97,227,128
1271,162,9,210,75
1271,220,34,275,74
1271,190,98,227,127
1272,162,9,210,75
1272,220,34,273,74
1273,162,9,210,75
1273,220,34,273,74
1274,162,9,210,75
1274,220,34,275,74
1275,162,9,210,75
1275,220,34,275,74
1276,162,9,210,75
1276,220,34,276,74
1277,162,9,210,75
1277,220,35,278,74
1278,164,9,210,75
1278,220,35,278,74
1279,164,12,210,75
1279,220,35,277,74
1280,164,12,211,75
1280,220,35,279,74
1281,221,35,277,73
1281,173,40,210,74
1282,221,35,277,73
1282,173,40,211,74
1283,221,35,278,73
1283,173,40,212,74
1284,234,35,278,71
1284,174,41,213,75
1285,234,35,280,72
1285,175,42,212,74
1286,234,35,280,72
1286,182,45,211,73
1287,234,35,278,71
1287,182,45,212,73
1288,235,36,280,71
1288,182,45,212,73
1289,235,36,279,72
1289,183,46,213,72
1290,183,46,213,72
1291,183,46,215,72
1292,253,45,282,72
1292,183,46,216,73
1293,185,43,217,74
1294,185,42,217,74
1295,192,42,218,74
1296,192,42,218,73
1297,192,41,218,73
1298,192,41,218,73
1299,192,40,220,73
1300,243,19,272,44
1300,192,40,221,73
1300,226,157,256,185
1301,244,18,273,44
1301,192,40,222,72
1301,294,123,319,156
1301,226,157,258,185
1302,244,17,275,44
1302,192,41,225,73
1302,222,120,250,155
1302,294,122,320,156
1302,227,158,258,185
1303,244,15,278,44
1303,192,41,227,72
1303,222,119,252,155
1303,294,123,320,156
1303,229,158,260,185
1304,239,14,279,44
1304,198,41,228,71
1304,239,69,270,95
1304,222,117,253,155
1304,285,122,321,178
1304,233,158,260,185
1305,227,0,283,47
1305,239,67,267,95
1305,286,114,322,179
1305,222,116,256,155
1306,221,0,284,47
1306,213,39,242,71
1306,286,110,323,181
1306,222,117,258,155
1307,219,0,284,66
1307,286,78,325,182
1307,222,120,257,155
1308,221,0,283,47
1308,217,37,250,74
1308,286,64,327,182
1308,222,123,257,155
1309,221,0,272,43
1309,210,49,243,83
1309,269,56,330,182
1309,222,126,259,157
1310,221,0,267,43
1310,203,42,243,95
1310,286,51,333,183
1310,222,127,260,158
1311,221,0,270,43
1311,204,40,243,102
1311,287,43,334,184
1311,223,128,260,160
1312,221,0,274,43
1312,287,35,335,187
1312,202,42,243,106
1312,223,130,260,163
1312,273,209,321,259
1313,201,0,276,110
1313,266,32,338,189
1313,230,116,263,167
1313,273,204,325,259
1314,202,0,278,112
1314,273,30,343,258
1314,230,114,262,168
1315,203,0,347,256
1316,204,0,349,254
1316,239,68,266,97
1316,224,142,256,169
1317,206,0,351,252
1318,208,0,355,250
1318,218,137,244,166
1318,273,202,299,229
1319,209,0,360,249
1319,203,130,244,164
1319,273,202,299,229
1320,211,0,365,247
1320,198,128,234,154
1320,273,202,299,229
1321,230,0,371,247
1321,211,38,249,97
1321,202,127,232,153
1321,273,202,299,229
1322,233,0,377,247
1322,211,66,235,97
1322,238,67,267,96
1322,192,126,231,152
1322,273,202,299,229
1323,238,0,382,248
1323,239,66,267,96
1323,194,126,230,151
1323,273,202,299,229
1324,243,0,388,248
1324,239,68,267,96
1324,195,127,233,153
1324,272,202,301,229
1325,249,0,393,249
1325,239,68,267,96
1325,202,129,245,163
1325,273,202,302,229
1326,256,0,398,249
1326,251,99,276,128
1326,219,138,251,171
1326,273,202,302,229
1327,262,0,402,249
1327,220,144,260,175
1327,273,202,302,229
1328,270,0,405,250
1328,272,202,302,229
1329,279,0,405,251
1329,273,202,302,229
1330,288,0,405,251
1330,272,202,302,229
1331,289,0,405,251
1331,272,202,302,229
1332,290,0,408,251
1332,272,201,300,229
1333,291,0,414,251
1333,273,201,301,229
1334,279,0,421,251
1335,286,0,427,251
1336,296,0,434,251
1337,301,0,440,251
1338,306,0,445,251
1339,311,0,451,255
1340,315,3,456,265
1341,319,7,461,275
1342,323,12,465,287
1343,326,18,470,299
1344,330,22,474,310
1345,334,28,479,320
1346,338,33,485,328
1347,343,39,491,333
1347,60,220,129,288
1348,348,45,498,334
1348,48,212,132,291
1349,353,51,505,336
1349,47,210,129,290
1350,360,57,513,336
1351,366,62,521,336
1351,43,205,131,291
1351,53,267,82,295
1352,373,68,530,336
1352,28,249,84,297
1353,380,74,537,337
1353,50,213,128,289
1353,21,245,86,298
1354,386,79,544,336
1354,55,218,113,273
1354,24,248,93,302
1355,392,84,549,336
1355,59,223,96,258
1355,14,244,93,302
1356,397,91,554,336
1356,23,248,92,308
1357,403,97,560,336
1357,8,249,84,303
1358,408,105,569,338
1358,24,254,82,308
1359,413,113,578,358
1359,20,265,77,309
1360,418,122,586,377
1360,27,275,60,309
1361,421,132,595,397
1361,232,338,266,373
1362,423,142,603,414
1362,226,331,267,378
1363,426,152,608,423
1363,204,332,264,386
1364,427,163,622,428
1364,5,296,32,328
1364,204,332,263,390
1365,429,172,632,427
1365,204,334,262,392
1366,432,183,644,426
1366,204,334,260,392
1367,438,193,654,426
1367,204,335,251,381
1368,446,202,665,429
1368,204,336,240,377
1368,131,353,161,385
1369,452,213,675,429
1369,129,354,160,386
1370,456,222,686,429
1370,129,353,161,387
1371,458,232,696,436
1371,135,355,160,385
1372,460,243,704,450
1373,456,254,713,462
1374,458,267,718,472
1375,458,279,719,479
1376,462,292,719,479
1377,459,306,719,479
1378,468,319,719,479
1379,464,333,719,479
1389,535,459,569,479
1437,692,416,719,458
1441,541,362,719,479
1441,472,392,574,459
1444,460,326,719,479
1445,458,315,719,479
1446,471,301,719,479
1447,475,291,719,473
1448,465,277,719,473
1449,473,265,719,468
1450,467,255,719,466
1451,471,245,719,455
1451,545,455,588,479
1452,471,235,719,479
1453,449,226,719,463
1454,469,217,719,456
1455,473,208,718,446
1456,477,199,711,434
1457,466,191,706,434
1457,212,349,239,376
1457,131,353,160,380
1458,464,184,703,435
1458,204,342,250,381
1459,462,179,697,433
1459,205,335,256,387
1459,185,383,216,417
1460,458,176,692,432
1460,205,334,258,385
1461,457,175,686,431
1461,204,334,257,387
1462,577,159,609,212
1462,454,176,681,430
1462,205,337,258,389
1463,452,148,676,430
1463,204,335,261,392
1464,568,137,610,205
1464,449,203,672,430
1464,218,334,263,392
1465,563,128,610,199
1465,448,206,668,429
1465,232,342,265,379
1466,443,115,664,423
1466,238,342,267,377
1467,445,105,659,412
1467,240,344,267,377
1468,447,97,654,394
1469,449,89,647,383
1470,455,82,641,355
1470,31,273,57,304
1470,447,337,490,371
1471,445,76,635,360
1471,34,269,79,301
1472,444,71,628,343
1472,24,249,89,301
1473,436,66,617,334
1473,32,251,84,300
1474,433,62,608,333
1474,28,248,93,301
1475,420,58,605,331
1475,64,225,125,287
1475,41,261,92,301
1476,428,55,598,332
1476,59,223,128,289
1476,407,253,436,284
1476,44,262,85,299
1477,398,52,590,330
1477,43,206,133,292
1477,41,259,93,301
1478,391,50,581,330
1478,44,205,132,292
1478,46,264,89,299
1479,389,47,572,329
1479,50,214,133,291
1479,42,259,86,299
1480,424,45,564,330
1480,48,211,131,291
1480,389,239,420,269
1480,48,267,81,298
1481,417,42,555,329
1481,50,214,132,290
1481,389,239,418,269
1481,54,268,84,296
1482,410,38,547,325
1482,55,214,128,288
1482,389,240,417,269
1483,405,35,539,313
1483,53,215,121,282
1483,389,240,416,269
1484,398,32,533,303
1484,57,217,123,282
1484,389,241,415,269
1485,399,29,526,291
1485,54,216,120,280
1485,389,241,415,268
1486,386,26,518,282
1486,54,219,112,271
1486,389,241,414,269
1487,374,23,512,276
1487,56,218,105,264
1487,389,241,414,269
1488,362,20,505,270
1488,58,218,96,256
1489,350,17,497,265
1490,340,15,490,269
1491,331,13,482,268
1492,324,11,475,268
1493,317,9,467,278
1494,313,8,460,278
1495,309,6,452,266
1496,308,5,447,275
1497,308,2,447,277
1498,309,0,428,219
1498,379,197,446,276
1499,304,0,420,219
1499,372,199,446,275
1500,297,0,412,206
1500,363,198,444,272
1501,290,0,405,204
1501,359,204,441,266
1502,284,0,399,202
1502,358,202,436,260
1503,278,0,394,200
1503,355,199,429,264
1504,271,0,391,199
1504,355,202,421,263
1505,264,0,389,197
1505,348,198,412,262
1505,479,341,719,479
1506,258,0,386,194
1506,337,195,402,257
1506,484,331,719,479
1507,253,0,385,191
1507,334,196,361,223
1507,339,211,391,256
1507,489,318,719,479
1508,247,0,385,191
1508,328,212,380,255
1508,487,302,719,479
1509,242,0,383,186
1509,343,215,369,243
1509,496,294,719,479
1510,238,0,380,185
1510,332,217,358,245
1510,494,279,719,479
1511,234,0,376,184
1511,256,109,294,141
1511,490,269,719,479
1512,231,0,371,185
1512,253,108,283,141
1512,490,258,719,473
1513,229,0,366,186
1513,251,108,283,141
1513,489,247,719,458
1514,227,0,361,188
1514,251,107,284,139
1514,485,237,719,451
1515,226,0,357,190
1515,251,107,283,136
1515,481,225,719,442
1516,225,0,353,192
1516,252,105,282,134
1516,480,215,719,442
1517,224,0,349,193
1517,478,206,719,441
1518,224,0,346,194
1518,237,108,274,140
1518,476,197,719,440
1519,224,0,343,191
1519,235,109,262,139
1519,480,187,719,439
1520,224,0,340,181
1520,232,100,266,137
1520,480,178,719,438
1521,224,0,287,71
1521,286,32,338,177
1521,229,106,259,136
1521,481,170,719,436
1522,222,0,278,73
1522,286,33,336,192
1522,228,105,255,135
1522,481,162,719,434
1523,208,0,274,75
1523,286,34,334,176
1523,481,155,719,431
1524,202,1,270,75
1524,286,35,334,196
1524,220,98,249,124
1524,484,147,719,430
1525,199,13,272,75
1525,286,36,331,176
1525,219,96,249,124
1525,487,141,719,425
1526,286,38,329,175
1526,216,96,246,125
1526,491,138,719,419
1526,243,163,272,199
1527,287,40,327,175
1527,493,138,719,403
1527,241,163,271,198
1528,287,46,326,175
1528,500,138,719,379
1528,241,164,271,198
1528,492,364,529,390
1529,287,51,324,174
1529,495,138,719,366
1529,241,167,271,198
1530,287,59,322,172
1530,193,101,224,128
1530,472,138,719,358
1530,243,168,272,199
1531,291,65,319,108
1531,190,101,224,129
1531,287,123,322,171
1531,500,138,719,348
1532,291,70,318,108
1532,190,101,223,129
1532,287,123,321,171
1532,500,123,719,343
1533,292,78,316,108
1533,190,101,223,129
1533,500,120,718,342
1533,287,131,319,170
1534,189,101,223,129
1534,500,124,713,342
1534,287,132,318,170
1534,94,254,132,292
1535,188,101,222,129
1535,629,123,679,161
1535,287,135,317,170
1535,495,151,707,340
1535,81,243,132,292
1535,50,268,79,298
1536,187,100,222,129
1536,624,120,674,157
1536,288,135,317,168
1536,490,156,701,339
1536,64,226,132,292
1536,43,261,85,298
1537,620,69,649,98
1537,184,99,222,127
1537,617,112,671,152
1537,289,137,316,166
1537,487,156,610,338
1537,605,158,678,253
1537,48,213,132,292
1537,51,270,79,297
1538,610,58,661,105
1538,184,100,221,127
1538,617,117,694,170
1538,289,138,316,181
1538,487,144,611,336
1538,608,156,669,243
1538,48,213,133,292
1538,52,270,82,297
1539,603,54,665,111
1539,184,100,221,128
1539,612,107,662,143
1539,489,126,690,335
1539,290,140,316,180
1539,48,213,128,289
1540,598,50,668,138
1540,185,99,230,129
1540,489,114,684,333
1540,290,140,316,180
1540,48,212,123,281
1541,595,45,671,132
1541,186,99,230,129
1541,489,112,680,330
1541,59,220,121,282
1542,489,40,675,324
1542,187,102,221,129
1542,60,221,106,267
1543,489,36,672,309
1543,188,101,222,128
1543,71,231,111,271
1544,489,31,666,292
1544,189,100,224,128
1544,72,232,112,274
1545,489,26,660,283
1545,191,100,220,128
1546,489,22,656,275
1546,192,100,221,127
1547,489,18,652,266
1548,489,15,648,265
1548,617,108,645,139
1549,489,12,644,265
1549,194,99,223,124
1550,488,8,643,265
1550,192,99,223,127
1551,484,6,642,265
1551,188,99,223,127
1552,482,3,639,265
1552,188,99,223,126
1553,480,0,634,264
1553,187,98,223,127
1554,479,0,631,264
1554,186,98,222,127
1555,477,0,627,264
1555,188,98,222,126
1556,477,0,624,264
1556,187,98,220,126
1557,478,0,621,263
1557,187,97,221,125
1558,479,0,618,262
1558,188,98,220,125
1559,481,0,615,268
1559,189,98,220,126
1560,482,0,612,267
1560,187,99,220,127
1561,481,0,610,265
1561,187,99,219,126
1562,482,0,606,261
1562,187,100,219,127
1563,486,0,603,256
1563,186,101,219,128
1564,480,0,600,251
1564,186,101,219,129
1565,475,0,596,245
1565,186,101,219,128
1566,470,0,593,238
1566,187,101,219,128
1567,466,0,591,230
1567,187,100,219,127
1568,463,0,588,223
1568,188,100,219,127
1569,459,0,586,216
1569,191,100,219,127
1569,292,182,323,219
1570,450,0,582,216
1570,292,182,323,219
1571,443,0,579,214
1571,292,182,323,219
1572,437,0,575,214
1572,292,182,323,219
1573,433,0,572,209
1573,292,182,323,219
1574,430,0,569,209
1575,430,0,564,207
1576,430,0,562,205
1577,430,0,558,202
1578,430,0,555,197
1579,430,0,552,190
1580,430,0,549,186
1581,430,0,547,185
1582,430,0,546,185
1583,430,0,544,185
1584,430,0,541,185
1585,431,0,539,184
1586,429,0,538,185
1587,423,0,536,185
1588,417,0,534,184
1589,411,0,532,185
1589,191,102,220,127
1590,408,0,531,184
1590,190,102,220,127
1591,403,0,529,184
1591,191,101,220,127
1592,397,0,527,184
1593,395,0,525,184
1594,393,0,523,183
1595,392,0,523,183
1596,392,0,522,183
1596,226,133,263,170
1597,394,0,518,183
1597,226,133,263,170
1598,394,0,514,183
1599,394,0,511,185
1600,394,0,509,184
1601,394,0,506,185
1602,394,0,504,185
1603,394,0,502,182
1603,107,54,139,87
1604,394,0,500,182
1604,103,52,146,94
1605,394,0,497,182
1605,103,44,144,88
1606,394,0,496,182
1606,102,39,149,88
1606,190,101,219,126
1607,394,0,493,182
1607,99,38,149,92
1607,190,102,219,127
1608,394,0,493,182
1608,99,38,149,91
1608,190,103,219,128
1609,394,0,492,182
1609,101,36,150,87
1609,190,103,219,128
1610,394,0,494,184
1610,98,27,149,89
1610,191,103,219,128
1611,394,0,490,184
1611,100,27,150,89
1612,394,0,490,184
1612,100,30,150,89
1613,394,0,491,184
1613,100,29,150,89
1614,394,0,489,184
1614,100,24,151,88
1615,394,0,488,184
1615,103,24,150,88
1616,394,0,488,182
1616,99,13,151,88
1616,219,94,246,121
1617,394,0,487,182
1617,103,16,152,87
1618,394,0,488,184
1618,103,15,151,87
1619,394,0,487,182
1619,103,14,151,87
1620,394,0,486,182
1620,101,13,151,86
1620,293,56,317,86
1621,394,0,486,182
1621,102,8,151,86
1621,293,54,320,93
1621,224,127,251,155
1622,395,0,488,184
1622,101,8,153,86
1622,292,50,320,93
1622,224,127,252,155
1623,394,0,486,182
1623,103,14,152,87
1623,292,49,319,90
1623,224,127,251,154
1624,394,0,486,182
1624,103,13,153,87
1624,292,48,319,90
1624,224,127,251,154
1625,394,0,486,182
1625,104,23,152,87
1625,289,38,319,90
1625,224,127,251,154
1626,394,0,488,184
1626,103,7,153,86
1626,289,38,319,90
1626,224,127,251,154
1627,394,0,488,182
1627,104,4,153,86
1627,287,35,319,90
1627,224,127,251,154
1628,394,0,488,182
1628,104,9,153,86
1628,287,35,320,92
1628,224,127,251,154
1629,394,0,488,182
1629,103,9,152,86
1629,287,35,319,90
1630,394,0,487,184
1630,103,13,153,86
1630,287,35,319,90
1631,394,0,488,184
1631,103,12,153,86
1631,287,35,319,90
1632,394,0,487,184
1632,103,11,153,86
1632,287,35,319,90
1633,394,0,488,183
1633,104,11,153,86
1633,287,35,319,90
1634,394,0,488,173
1634,103,13,153,86
1634,289,38,319,90
1635,394,0,490,172
1635,103,15,152,87
1635,289,38,318,87
1636,394,0,492,171
1636,103,24,151,87
1636,289,38,318,87
1637,394,0,494,170
1637,101,22,151,87
1637,289,38,318,87
1638,394,0,496,170
1638,100,22,150,88
1638,289,38,318,87
1639,394,0,498,170
1639,103,28,149,86
1639,292,45,318,87
1640,394,0,500,171
1640,103,24,150,88
1640,292,46,317,82
1641,394,0,507,172
1641,101,39,149,88
1642,394,0,511,172
1642,102,37,149,87
1643,394,0,512,173
1643,103,43,147,88
1644,394,0,519,173
1644,103,47,148,89
1645,396,0,524,173
1645,103,51,144,90
1646,399,0,525,179
1646,104,54,143,93
1647,425,0,528,179
1647,107,56,147,88
1648,429,0,532,179
1648,105,61,133,87
1649,432,0,536,179
1650,434,0,538,179
1651,436,0,543,179
1652,222,0,258,26
1652,430,0,543,180
1653,222,0,259,27
1653,435,0,543,180
1654,222,0,260,28
1654,435,0,544,180
1655,222,0,260,28
1655,443,0,544,173
1656,223,0,261,28
1656,438,0,545,172
1657,223,0,262,29
1657,434,0,545,179
1658,223,0,264,32
1658,443,0,545,172
1659,223,0,264,32
1659,442,0,546,180
1660,223,0,264,32
1660,442,0,546,180
1660,289,38,316,79
1661,223,0,264,32
1661,441,0,547,180
1661,289,38,316,79
1662,223,0,264,32
1662,441,0,547,180
1662,290,39,316,79
1663,223,0,264,31
1663,441,0,547,181
1663,287,34,317,80
1664,223,0,264,31
1664,436,0,547,181
1664,287,34,317,80
1665,223,0,263,30
1665,441,0,547,181
1665,282,28,317,80
1666,223,0,264,31
1666,441,0,547,180
1666,282,28,318,83
1667,223,0,264,31
1667,441,0,547,180
1667,282,28,318,83
1667,108,56,141,88
1668,223,0,264,31
1668,441,0,546,180
1668,282,28,318,83
1668,103,53,146,92
1669,223,0,264,31
1669,442,0,545,180
1669,282,28,318,83
1669,107,54,142,87
1670,223,0,264,31
1670,442,0,545,180
1670,282,28,318,83
1670,103,54,144,93
1671,223,0,264,31
1671,442,0,544,173
1671,282,28,318,83
1671,104,50,146,92
1672,223,0,264,31
1672,442,0,543,173
1672,282,28,318,83
1672,105,48,144,87
1673,223,0,264,31
1673,442,0,542,179
1673,282,28,318,83
1673,104,50,145,88
1674,223,0,264,31
1674,439,0,541,179
1674,282,28,318,83
1674,105,51,147,88
1675,223,0,263,30
1675,435,0,540,179
1675,282,28,318,83
1675,104,46,147,89
1676,223,0,263,30
1676,435,0,539,179
1676,282,28,318,83
1676,104,45,149,89
1677,223,0,263,30
1677,435,0,538,179
1677,282,28,318,82
1677,105,47,146,88
1678,223,0,263,30
1678,434,0,537,179
1678,282,28,312,59
1678,104,42,149,90
1679,223,0,263,29
1679,445,0,536,172
1679,282,28,312,59
1679,104,44,149,94
1680,223,0,263,29
1680,445,0,535,180
1680,282,28,312,59
1680,103,45,149,89
1681,223,0,262,28
1681,440,0,534,181
1681,104,43,149,93
1682,223,0,262,28
1682,440,0,533,172
1682,101,36,149,88
1683,223,0,262,28
1683,445,0,532,180
1683,102,39,149,88
1684,223,0,262,28
1684,440,0,532,180
1684,103,36,148,89
1685,223,0,262,28
1685,443,0,531,171
1685,102,35,150,88
1686,223,0,261,27
1686,442,0,530,170
1686,96,30,149,89
1687,223,0,260,26
1687,442,0,531,180
1687,96,24,150,90
1688,224,0,260,26
1688,441,0,530,169
1688,95,24,149,89
1689,224,0,260,26
1689,440,0,527,169
1689,95,23,150,89
1690,224,0,259,25
1690,440,0,526,169
1690,96,23,152,89
1691,439,0,525,170
1691,92,24,150,88
1692,224,0,259,25
1692,439,0,523,170
1692,96,23,150,89
1693,224,0,259,25
1693,431,0,523,170
1693,96,23,150,88
1694,224,0,259,25
1694,432,0,522,180
1694,96,9,151,88
1694,218,91,245,117
1695,224,0,260,26
1695,439,0,522,180
1695,100,15,152,88
1695,218,90,245,116
1696,224,0,260,26
1696,430,0,522,171
1696,97,15,151,88
1697,224,0,260,25
1697,433,0,521,171
1697,100,25,152,89
1698,224,0,260,25
1698,439,0,521,170
1698,100,32,150,88
1699,224,0,260,25
1699,433,0,521,170
1699,103,35,149,89
1700,224,0,261,26
1700,427,0,521,169
1700,100,28,151,86
1701,224,0,261,26
1701,425,0,520,170
1701,103,35,150,88
1702,225,0,261,26
1702,428,0,520,178
1702,103,35,150,86
1703,225,0,261,26
1703,424,0,520,178
1703,103,35,152,87
1704,225,0,259,24
1704,427,0,519,177
1704,104,36,150,88
1705,421,0,519,176
1705,104,38,150,88
1706,415,0,519,174
1706,103,35,150,89
1707,407,0,518,172
1707,101,35,150,89
1708,401,0,520,170
1708,101,35,150,89
1709,395,0,515,170
1709,100,35,150,89
1710,390,0,514,170
1710,99,30,150,89
1711,386,0,512,170
1711,101,32,149,88
1712,383,0,510,170
1712,100,28,150,89
1713,381,0,507,169
1713,100,25,150,89
1714,380,0,503,169
1714,100,25,149,89
1715,380,0,501,169
1715,100,24,149,88
1716,381,0,497,169
1716,100,30,150,89
1717,381,0,494,169
1717,98,26,150,89
1718,381,0,490,169
1718,97,28,150,89
1719,381,0,486,168
1719,97,24,150,90
1720,381,0,493,167
1720,98,24,150,90
1721,382,0,489,167
1721,99,15,150,88
1722,382,0,485,162
1722,96,9,153,88
1723,382,0,478,162
1723,99,23,150,89
1724,382,0,474,162
1724,98,8,150,90
1724,298,75,324,121
1725,381,0,472,162
1725,93,14,150,88
1725,298,69,327,117
1726,381,0,470,162
1726,97,14,152,90
1726,298,65,331,117
1727,381,0,469,162
1727,95,9,150,89
1727,297,59,333,118
1728,381,0,469,162
1728,95,11,153,87
1728,297,56,334,119
1729,379,0,468,162
1729,93,11,153,87
1729,297,55,334,120
1730,379,0,467,162
1730,95,8,153,83
1730,297,57,335,133
1731,378,0,467,162
1731,96,11,154,82
1731,297,59,333,135
1732,381,0,466,162
1732,96,8,153,82
1732,297,61,330,137
1733,381,0,465,162
1733,97,8,153,79
1733,299,68,324,116
1734,381,0,464,162
1734,98,12,153,79
1735,381,0,463,162
1735,97,6,153,79
1736,380,0,463,162
1736,97,8,150,69
1737,379,0,462,162
1737,98,6,150,68
1738,379,0,461,161
1738,98,7,150,65
1739,378,0,461,161
1739,100,5,143,64
1740,101,0,142,58
1740,377,0,460,163
1741,377,0,459,164
1741,101,2,142,57
1742,377,0,459,166
1742,101,1,137,40
1743,107,0,137,35
1743,376,0,457,168
1744,376,0,456,169
1745,373,0,454,170
1746,368,0,453,171
1747,362,0,452,172
1748,357,0,451,173
1749,354,0,449,174
1750,354,0,447,174
1751,354,0,445,174
1752,354,0,444,174
1753,353,0,443,174
1754,354,0,442,174
1755,354,0,442,174
1756,353,0,441,174
1757,353,0,441,174
1758,353,0,441,174
1759,354,0,441,174
1760,354,0,439,174
1761,354,0,440,174
1762,354,0,439,174
1763,354,0,439,174
1764,354,0,439,174
1765,354,0,440,174
1766,354,0,439,174
1767,354,0,439,174
1768,354,0,444,174
1769,354,0,446,174
1770,354,0,449,174
1771,354,0,452,174
1772,354,0,453,174
1773,354,0,453,174
1774,354,0,454,174
1775,354,0,455,174
1776,354,0,459,174
1777,354,0,463,173
1778,354,0,467,173
1779,356,0,469,172
1780,360,0,472,173
1781,365,0,473,174
1782,372,0,473,175
1783,380,0,473,177
1784,387,0,473,178
1785,390,0,473,179
1786,392,0,473,180
1787,394,0,472,181
1788,396,0,472,182
1789,397,0,472,183
1790,399,0,476,184
1791,414,0,468,32
1791,474,0,502,50
1791,403,48,480,185
1792,418,0,468,29
1792,474,0,504,27
1792,469,45,495,78
1792,415,62,484,185
1793,420,0,468,29
1793,468,46,495,84
1793,417,62,486,186
1794,423,0,468,29
1794,466,46,496,91
1794,417,62,488,186
1795,426,0,467,28
1795,465,46,496,97
1795,401,62,490,186
1796,428,0,462,28
1796,401,46,496,186
1797,432,1,463,25
1797,401,46,496,186
1798,482,0,517,55
1798,401,50,504,186
1799,482,0,519,47
1799,421,50,503,185
1800,482,0,521,48
1800,401,50,500,186
1801,401,0,523,186
1802,402,0,524,186
1803,402,0,525,186
1804,402,0,526,186
1805,403,0,526,186
1806,403,0,526,186
1807,403,0,525,186
1808,403,0,525,186
1809,403,0,523,186
1810,403,0,522,186
1811,403,11,521,186
1812,403,12,519,186
1813,403,45,516,186
1814,404,57,513,186
1815,404,63,494,186
1816,434,0,466,28
1816,426,75,493,186
1817,426,79,493,186
1818,426,80,493,186
1819,426,80,493,186
1820,426,85,493,186
1821,428,0,455,30
1821,426,89,492,186
1822,426,0,455,31
1822,426,95,493,186
1823,424,0,455,33
1823,430,90,492,186
1824,423,0,455,34
1824,430,87,492,186
1825,422,0,455,35
1825,420,70,492,186
1826,418,0,455,46
1826,414,68,492,186
1827,404,0,477,161
1827,438,161,468,186
1828,402,0,455,87
1828,430,88,477,161
1828,438,161,468,186
1829,398,0,477,161
1829,438,161,468,186
1830,395,0,455,73
1830,422,87,477,161
1830,438,161,469,186
1831,393,0,454,68
1831,422,85,455,113
1831,430,111,477,161
1831,438,161,468,186
1832,391,0,454,65
1832,422,85,455,113
1832,439,111,474,137
1832,438,161,468,186
1833,389,0,454,63
1833,422,85,455,112
1833,439,111,474,137
1834,388,0,454,62
1834,421,84,455,112
1834,441,111,474,137
1835,387,0,454,62
1835,421,83,455,112
1835,441,111,474,137
1836,387,0,454,63
1836,420,82,455,112
1836,441,111,474,137
1837,387,0,454,63
1837,420,82,455,112
1837,441,111,474,137
1838,387,0,454,63
1838,419,82,445,110
1838,441,111,474,137
1839,387,0,454,64
1839,419,81,445,110
1839,441,111,474,137
1840,387,0,454,65
1840,418,82,445,110
1840,441,111,473,137
1841,387,0,454,65
1841,417,82,445,110
1841,441,111,473,137
1842,226,0,262,27
1842,388,0,454,66
1842,417,81,445,110
1842,441,111,472,137
1843,226,0,263,27
1843,388,0,454,66
1843,413,80,445,123
1843,441,111,471,136
1844,226,0,265,31
1844,389,0,453,66
1844,413,80,445,135
1844,441,111,470,159
1845,226,0,266,32
1845,389,0,452,65
1845,417,80,445,109
1845,441,111,470,159
1846,226,0,266,32
1846,390,0,452,65
1846,417,80,445,109
1846,441,111,470,159
1847,226,0,266,32
1847,390,0,451,65
1847,417,81,445,109
1847,441,111,470,160
1848,226,0,266,32
1848,421,0,451,25
1848,391,22,428,65
1848,441,111,470,135
1849,226,0,266,32
1849,392,31,425,66
1849,441,111,471,136
1850,226,0,265,31
1850,420,0,448,28
1850,394,36,427,69
1850,441,111,472,137
1851,421,0,448,27
1851,395,42,432,74
1851,441,111,471,136
1852,399,49,432,81
1852,441,111,471,136
1853,403,54,432,89
1853,441,111,471,136
1853,439,165,475,191
1854,408,68,437,95
1854,441,111,471,136
1854,440,153,482,194
1855,424,0,449,26
1855,440,153,489,197
1856,424,0,456,28
1856,440,141,489,199
1857,425,3,457,29
1857,440,140,490,203
1858,425,0,451,26
1858,441,141,492,207
1859,425,0,461,32
1859,441,141,493,210
1860,485,0,511,37
1860,442,141,494,214
1861,485,0,513,37
1861,443,142,496,217
1862,485,0,516,40
1862,444,155,497,220
1863,486,0,515,37
1863,445,155,499,223
1864,486,0,522,73
1864,450,88,496,136
1864,445,155,501,225
1865,486,0,525,84
1865,449,88,499,136
1865,445,155,502,226
1866,446,0,529,137
1866,445,155,503,226
1867,445,0,533,150
1867,445,154,504,226
1868,445,0,537,226
1868,456,16,488,57
1869,445,0,541,226
1869,459,28,492,61
1870,445,0,545,226
1871,445,0,548,226
1872,445,0,552,226
1872,169,30,201,60
1872,410,138,464,171
1873,412,0,554,226
1873,166,27,203,61
1874,416,0,556,226
1874,164,26,203,63
1875,421,0,559,226
1875,163,21,203,63
1876,425,0,561,226
1876,162,19,204,65
1877,429,0,563,226
1877,162,20,206,66
1878,433,0,565,226
1878,161,19,206,66
1879,437,0,567,226
1879,161,18,228,66
1880,440,0,568,226
1880,160,17,228,66
1881,440,0,568,226
1881,160,13,228,66
1882,440,0,569,226
1882,160,13,228,66
1883,440,0,570,226
1883,160,13,228,66
1884,440,0,570,226
1884,160,13,228,66
1885,440,0,570,228
1885,160,13,228,66
1886,440,0,570,231
1886,160,14,228,66
1887,440,0,571,235
1887,160,14,228,66
1888,440,0,571,240
1888,160,14,204,66
1889,440,0,571,246
1889,161,14,203,65
1890,440,0,570,251
1890,161,20,202,64
1891,440,0,570,257
1891,162,20,202,63
1892,440,0,570,263
1892,163,25,202,62
1893,440,0,570,270
1893,166,29,200,60
1894,440,0,570,275
1895,440,0,571,280
1896,440,0,572,284
1897,440,0,573,286
1898,439,0,574,288
1899,440,0,577,289
1900,439,0,578,289
1901,439,2,580,289
1902,439,5,581,289
1903,440,9,582,289
1904,438,12,582,289
1905,227,0,262,26
1905,435,16,582,289
1906,227,0,266,32
1906,431,20,581,289
1907,227,0,268,35
1907,425,24,580,289
1908,227,0,268,35
1908,420,29,578,290
1909,228,0,269,36
1909,414,33,577,290
1910,228,0,269,36
1910,409,37,575,290
1910,62,223,93,257
1911,229,0,270,38
1911,406,41,572,293
1911,50,214,108,268
1912,229,0,270,38
1912,404,45,569,298
1912,48,214,106,269
1913,229,0,269,35
1913,403,48,567,302
1913,48,213,112,273
1914,229,0,270,38
1914,404,52,563,305
1914,38,202,121,282
1915,231,0,268,34
1915,404,54,561,306
1915,47,211,129,290
1916,231,0,268,34
1916,404,56,557,307
1917,231,0,268,34
1917,403,58,554,307
1917,32,199,133,292
1918,231,0,267,32
1918,404,61,551,307
1919,231,0,267,32
1919,404,63,548,307
1920,231,0,266,31
1920,404,65,545,309
1920,38,203,133,292
1920,43,265,85,298
1921,231,0,265,30
1921,404,68,542,317
1921,38,202,133,293
1921,40,259,93,300
1922,234,0,262,26
1922,404,72,539,328
1922,36,204,133,293
1922,39,257,90,300
1923,407,76,535,339
1923,44,205,132,292
1923,24,247,93,301
1924,404,80,532,347
1924,44,205,132,292
1924,22,245,91,300
1925,396,83,529,352
1925,48,211,132,291
1925,19,243,93,301
1926,386,87,526,354
1926,48,210,132,292
1926,8,235,92,301
1927,380,91,523,356
1927,49,213,124,286
1927,16,241,93,301
1928,377,96,520,356
1928,49,213,121,284
1928,14,237,92,301
1929,376,100,517,356
1929,49,212,117,280
1929,24,249,92,301
1930,375,104,516,356
1930,50,212,111,274
1930,28,252,91,301
1931,375,111,514,357
1931,53,218,110,272
1931,23,249,93,303
1932,375,113,512,358
1932,53,217,104,265
1932,11,248,93,307
1933,375,131,510,358
1933,56,219,101,265
1933,10,249,92,308
1934,375,131,509,358
1934,63,226,103,265
1934,9,249,93,311
1935,375,131,507,358
1935,69,231,98,263
1935,22,252,92,311
1936,375,131,507,358
1936,19,250,92,312
1937,375,131,505,358
1937,9,249,93,313
1938,375,131,504,358
1938,19,253,85,312
1939,375,131,504,357
1939,11,254,90,311
1940,375,131,504,358
1940,12,252,84,310
1941,375,131,503,358
1941,19,253,85,312
1942,375,131,503,358
1942,20,252,87,312
1943,375,131,502,358
1943,19,254,84,309
1944,375,133,502,359
1944,22,260,85,313
1945,375,134,502,361
1945,22,258,85,309
1946,214,97,241,133
1946,374,136,502,364
1946,21,259,85,311
1947,214,97,242,132
1947,372,137,501,367
1947,13,259,85,310
1948,215,97,243,131
1948,370,137,501,371
1948,21,262,84,311
1949,216,97,244,130
1949,368,138,501,374
1949,15,262,83,309
1950,216,97,244,130
1950,367,139,500,378
1950,21,268,82,308
1950,215,332,266,369
1951,216,97,245,130
1951,366,141,499,382
1951,15,267,81,312
1951,215,330,267,376
1952,216,97,245,130
1952,365,143,497,384
1952,8,267,80,322
1952,205,330,267,376
1953,216,97,245,130
1953,365,146,495,385
1953,8,275,73,322
1953,205,331,267,375
1954,216,97,245,130
1954,365,148,493,385
1954,8,274,73,327
1954,204,332,267,378
1955,216,97,245,130
1955,365,151,492,385
1955,14,272,56,305
1955,204,332,267,379
1956,216,97,245,130
1956,365,154,490,386
1956,6,277,56,328
1956,204,330,268,383
1957,216,97,244,130
1957,365,155,490,386
1957,7,278,55,329
1957,204,331,268,384
1958,216,97,244,130
1958,365,158,490,386
1958,3,281,49,328
1958,203,331,268,386
1959,216,97,244,130
1959,365,158,489,386
1959,7,280,43,328
1959,203,330,268,386
1960,216,97,244,130
1960,365,160,489,386
1960,6,290,35,328
1960,203,331,268,387
1961,216,102,244,130
1961,365,161,488,386
1961,203,331,268,386
1962,216,99,244,131
1962,365,162,487,386
1962,3,295,32,327
1962,203,330,268,388
1962,136,351,162,381
1963,215,99,244,131
1963,364,164,486,386
1963,6,294,33,328
1963,203,331,271,390
1963,128,347,162,380
1964,215,101,244,132
1964,363,165,485,387
1964,5,295,33,328
1964,204,330,268,390
1964,131,344,162,383
1965,214,101,244,132
1965,362,165,485,387
1965,4,296,33,328
1965,204,328,269,391
1965,129,342,164,384
1965,164,364,193,393
1966,215,104,243,133
1966,362,167,484,387
1966,5,283,44,329
1966,204,330,268,393
1966,129,342,163,384
1967,214,107,242,134
1967,362,168,484,387
1967,4,284,43,330
1967,203,331,268,392
1967,129,342,189,390
1968,362,169,482,387
1968,4,295,36,329
1968,204,328,268,392
1968,128,342,163,381
1969,359,170,481,387
1969,5,297,33,328
1969,204,330,268,392
1969,129,341,194,391
1970,356,171,479,388
1970,6,296,33,329
1970,204,329,268,392
1970,129,342,163,381
1971,352,172,478,389
1971,6,297,33,331
1971,204,331,268,393
1971,128,342,164,383
1972,348,174,475,391
1972,4,296,33,330
1972,204,330,268,394
1972,128,341,164,384
1972,164,364,194,391
1973,345,176,473,393
1973,4,296,34,329
1973,204,331,267,394
1973,128,342,163,386
1974,340,179,472,401
1974,4,297,33,331
1974,204,330,267,396
1974,128,342,164,385
1975,331,182,472,406
1975,4,298,33,330
1975,204,331,267,398
1975,127,342,163,386
1976,323,184,473,409
1976,4,297,33,330
1976,204,330,266,397
1976,128,343,190,393
1977,325,185,470,413
1977,3,295,34,330
1977,203,333,262,393
1977,126,342,164,390
1977,163,365,190,393
1978,320,186,467,414
1978,4,294,34,330
1978,203,333,263,396
1978,126,341,194,395
1979,201,138,228,165
1979,309,186,462,414
1979,4,294,34,331
1979,203,333,262,394
1979,126,341,195,395
1980,314,188,459,412
1980,5,300,34,331
1980,204,333,261,393
1980,126,341,194,395
1981,309,188,455,412
1981,4,300,33,331
1981,203,333,260,394
1981,126,342,163,395
1981,162,362,196,397
1982,201,137,227,165
1982,297,189,449,412
1982,5,296,33,331
1982,203,331,262,393
1982,126,341,195,395
1982,204,380,236,413
1983,295,189,445,412
1983,5,301,32,330
1983,203,332,260,394
1983,125,341,200,394
1983,204,381,237,414
1984,300,190,441,412
1984,4,299,32,330
1984,203,332,260,394
1984,125,341,196,396
1984,203,380,236,413
1985,296,190,436,412
1985,4,299,30,327
1985,203,332,260,394
1985,125,340,201,400
1985,201,379,236,413
1986,291,189,432,414
1986,5,301,32,329
1986,203,332,262,393
1986,126,340,199,394
1986,200,378,234,409
1987,287,188,427,414
1987,4,301,31,329
1987,203,332,262,393
1987,125,340,197,397
1987,200,379,235,410
1988,284,187,422,413
1988,4,297,33,352
1988,203,332,261,393
1988,125,340,200,398
1989,280,185,416,412
1989,6,302,32,351
1989,203,333,263,391
1989,125,341,200,394
1990,276,184,413,413
1990,2,302,31,352
1990,203,333,262,391
1990,125,341,195,394
1991,222,35,254,60
1991,271,182,410,413
1991,5,298,31,327
1991,203,333,267,391
1991,126,341,163,393
1992,225,35,254,60
1992,203,181,407,411
1992,5,297,31,345
1992,125,341,188,394
1993,203,179,405,413
1993,4,296,32,329
1993,125,341,163,393
1994,203,176,402,414
1994,4,298,33,330
1994,125,341,164,390
1995,203,177,399,412
1995,0,293,33,330
1995,125,341,163,391
1996,203,176,395,411
1996,0,287,39,330
1996,125,341,162,388
1997,203,175,390,411
1997,0,286,39,330
1997,125,341,164,385
1998,203,168,385,410
1998,0,284,41,330
1998,125,341,162,382
1999,203,167,385,410
1999,0,282,42,329
1999,124,340,162,379
2000,203,166,385,409
2000,0,278,43,329
2000,124,340,161,377
2001,203,164,384,409
2001,0,278,50,329
2001,127,340,159,371
2002,203,162,383,408
2002,0,272,50,328
2003,203,158,382,407
2003,0,272,50,328
2004,203,156,381,406
2004,0,271,50,329
2005,203,154,380,405
2005,0,270,52,329
2006,204,152,379,404
2006,0,269,51,329
2007,204,151,379,404
2007,0,268,53,328
2008,204,151,378,404
2008,0,268,56,329
2009,204,151,378,404
2009,0,266,56,328
2010,204,151,378,404
2010,0,267,58,328
2011,204,151,377,404
2011,0,266,57,330
2012,204,151,377,404
2012,1,258,56,328
2013,203,151,377,404
2013,1,268,58,328
2014,202,151,377,404
2014,1,258,58,328
2015,201,152,377,404
2015,0,262,58,328
2016,200,152,377,404
2016,0,258,59,328
2017,199,152,376,404
2017,0,258,59,328
2018,198,152,376,404
2018,0,258,59,329
2019,198,152,376,404
2019,0,257,59,329
2020,198,152,376,404
2020,0,258,57,329
2021,197,152,376,404
2021,0,258,59,329
2022,198,152,376,404
2022,0,266,59,329
2023,198,152,376,404
2023,0,258,59,329
2024,199,152,376,404
2024,0,258,58,330
2025,200,152,376,404
2025,0,259,58,329
2026,201,152,377,404
2026,0,268,57,329
2027,203,152,377,405
2027,0,259,61,329
2028,204,153,377,406
2028,0,265,59,328
2029,206,155,378,407
2029,0,267,58,329
2030,206,155,378,408
2030,0,269,59,329
2031,207,156,378,408
2031,0,269,57,329
2032,205,158,378,409
2032,0,271,57,329
2033,204,160,382,409
2033,0,271,57,329
2034,204,163,377,409
2034,0,271,56,328
2035,204,166,375,411
2035,0,271,51,328
2036,203,169,373,414
2036,0,272,51,328
2037,203,171,370,417
2037,0,271,50,329
2037,128,341,159,369
2038,203,172,367,418
2038,0,272,46,329
2038,129,340,161,375
2039,203,175,364,420
2039,0,280,45,329
2039,127,341,162,377
2040,203,178,363,420
2040,0,292,36,330
2040,126,341,163,380
2041,173,35,202,62
2041,203,182,363,420
2041,1,294,36,330
2041,126,341,163,382
2042,203,185,363,422
2042,2,294,35,330
2042,125,341,164,384
2042,208,391,234,419
2043,203,188,363,423
2043,3,294,35,331
2043,125,341,164,385
2044,203,190,363,423
2044,0,295,33,350
2044,125,341,164,389
2044,205,389,234,419
2045,203,193,363,422
2045,0,295,33,330
2045,125,341,168,390
2045,205,390,234,420
2046,203,195,363,423
2046,0,296,33,329
2046,125,341,163,391
2046,206,392,235,420
2047,203,198,363,423
2047,4,302,32,329
2047,125,341,194,393
2047,203,390,236,422
2048,202,200,363,423
2048,4,303,33,350
2048,125,341,194,395
2048,202,391,235,422
2049,202,202,362,423
2049,123,341,163,396
2049,163,365,192,397
2049,203,392,239,429
2050,168,30,212,66
2050,201,204,362,424
2050,6,303,31,350
2050,123,341,163,395
2050,163,365,192,396
2050,203,393,248,430
2051,201,206,362,424
2051,126,341,190,402
2051,201,391,245,430
2052,200,208,361,424
2052,2,319,30,352
2052,125,341,164,396
2052,162,364,191,404
2052,199,391,243,432
2053,166,30,203,65
2053,209,40,238,64
2053,199,209,360,424
2053,125,342,164,397
2053,162,362,191,403
2053,191,385,241,431
2054,166,30,203,65
2054,198,210,360,424
2054,2,304,31,342
2054,124,341,164,396
2054,162,365,191,403
2054,198,391,242,433
2055,197,211,359,424
2055,123,341,163,396
2055,162,361,192,399
2055,198,389,245,434
2056,163,27,238,69
2056,195,211,358,424
2056,1,318,29,346
2057,162,20,238,70
2057,189,212,357,424
2057,125,341,163,397
2057,162,362,252,434
2058,161,20,237,71
2058,193,212,356,424
2058,1,318,31,350
2058,123,341,163,395
2058,162,360,249,433
2059,160,20,237,72
2059,186,212,356,424
2059,124,342,251,433
2060,160,20,237,73
2060,188,212,356,424
2060,1,318,31,350
2060,124,341,163,397
2060,162,360,252,433
2061,160,20,237,73
2061,123,212,357,432
2061,0,318,31,353
2062,160,21,237,74
2062,161,211,356,432
2062,1,318,31,353
2062,125,341,162,395
2063,160,21,237,73
2063,123,210,356,432
2063,0,318,31,353
2064,161,24,238,72
2064,123,210,356,432
2064,1,317,31,353
2065,162,26,238,71
2065,301,77,327,119
2065,230,156,260,187
2065,115,210,356,433
2065,1,319,30,353
2066,163,26,238,69
2066,301,74,331,119
2066,232,157,264,193
2066,125,210,356,434
2066,1,319,30,353
2067,164,29,203,65
2067,301,71,332,118
2067,237,162,271,196
2067,125,210,356,433
2067,1,324,30,352
2068,167,31,199,62
2068,301,70,332,118
2068,247,171,284,207
2068,125,210,356,431
2068,1,319,31,353
2069,301,70,330,117
2069,125,211,356,433
2069,1,324,31,353
2070,301,72,328,116
2070,125,212,355,433
2070,4,321,31,350
2071,301,81,325,113
2071,161,212,356,433
2071,125,341,163,397
2072,125,213,356,434
2073,284,147,309,184
2073,125,213,356,433
2073,1,318,31,351
2074,264,144,334,203
2074,124,214,356,434
2075,263,141,332,200
2075,115,214,356,434
2075,2,318,31,352
2076,264,98,333,200
2076,115,215,356,433
2076,1,318,29,348
2077,265,84,333,178
2077,115,215,356,433
2078,266,79,338,171
2078,124,215,356,433
2079,295,58,342,163
2079,253,112,293,158
2079,124,216,355,434
2079,1,325,30,352
2080,239,21,274,59
2080,251,47,345,163
2080,247,63,295,95
2080,295,208,343,250
2080,163,216,356,433
2080,1,326,30,352
2080,125,341,162,397
2081,239,18,283,59
2081,252,32,346,158
2081,248,60,295,92
2081,303,199,348,244
2081,122,217,355,432
2081,1,318,31,352
2082,248,16,348,159
2082,251,58,281,95
2082,312,195,353,247
2082,163,218,355,432
2082,1,325,30,352
2082,125,341,163,397
2083,246,14,352,158
2083,254,57,291,91
2083,321,190,358,242
2083,163,219,355,433
2083,1,318,30,352
2083,125,341,163,397
2084,249,13,356,162
2084,255,54,294,90
2084,329,189,363,235
2084,163,220,356,432
2084,1,318,30,353
2084,123,341,162,397
2085,229,0,358,153
2085,261,54,291,86
2085,336,197,371,228
2085,123,220,355,432
2085,1,319,31,353
2086,221,0,361,154
2086,245,58,294,95
2086,344,191,378,221
2086,180,220,357,422
2086,6,321,31,353
2086,123,341,251,432
2087,230,0,365,155
2087,220,36,257,72
2087,244,54,296,95
2087,350,185,383,215
2087,162,219,359,432
2087,1,319,31,353
2087,124,342,162,396
2088,230,0,368,155
2088,221,36,262,72
2088,244,65,277,95
2088,355,181,388,210
2088,185,219,363,422
2088,1,326,30,353
2088,124,346,162,397
2088,163,360,251,429
2089,230,0,371,153
2089,222,36,262,72
2089,245,61,278,96
2089,359,178,392,207
2089,187,218,366,422
2089,1,326,30,353
2089,125,346,250,431
2090,230,0,395,205
2090,228,36,262,66
2090,245,59,281,96
2090,189,217,370,422
2090,1,326,31,353
2090,125,343,252,428
2091,229,0,398,203
2091,192,216,374,422
2091,1,326,30,353
2091,125,343,162,385
2091,163,360,252,426
2092,239,0,401,203
2092,196,214,378,422
2092,126,343,162,385
2092,166,360,251,425
2093,239,0,404,201
2093,245,51,296,95
2093,202,213,381,422
2093,115,343,162,384
2093,166,365,251,425
2094,262,0,406,201
2094,247,57,286,96
2094,202,212,382,422
2094,125,350,162,384
2094,166,362,234,420
2095,271,0,391,172
2095,250,60,287,93
2095,375,171,407,200
2095,202,210,382,422
2095,125,343,162,384
2095,166,366,210,399
2095,204,384,234,420
2096,278,0,390,167
2096,253,58,296,95
2096,375,172,408,200
2096,214,208,382,421
2096,202,342,264,390
2096,126,350,161,384
2096,169,361,209,399
2096,208,385,234,419
2097,284,0,394,168
2097,375,172,408,200
2097,218,207,382,421
2097,203,343,262,390
2097,126,358,161,383
2097,169,361,208,393
2098,289,0,399,166
2098,375,171,408,200
2098,222,205,382,420
2098,203,343,263,392
2098,167,360,209,393
2099,292,0,405,164
2099,376,171,408,200
2099,225,207,385,419
2099,203,343,264,394
2100,295,0,410,136
2100,376,171,407,200
2100,227,206,387,419
2100,203,343,265,395
2101,298,0,415,150
2101,376,172,407,200
2101,229,206,389,419
2101,203,343,265,394
2102,300,0,421,150
2102,376,172,407,200
2102,232,204,392,420
2102,204,344,264,394
2103,302,0,426,154
2103,376,172,408,200
2103,234,202,394,421
2103,205,344,264,394
2104,304,0,431,155
2104,378,173,408,200
2104,236,201,396,423
2104,205,344,264,392
2105,310,0,438,167
2105,240,204,398,426
2105,205,337,264,392
2106,315,0,446,171
2106,344,200,380,229
2106,248,206,402,430
2106,205,337,264,392
2107,320,0,451,168
2107,248,195,406,430
2107,358,204,396,238
2107,206,335,264,392
2108,325,0,450,170
2108,251,206,411,431
2108,374,209,413,244
2108,206,334,263,392
2109,330,0,450,170
2109,377,172,407,200
2109,254,206,415,431
2109,392,213,429,249
2109,206,334,262,392
2110,335,0,450,171
2110,418,169,444,198
2110,377,173,408,201
2110,259,205,420,430
2110,414,216,446,246
2110,206,338,262,392
2111,340,0,457,173
2111,420,171,461,250
2111,378,173,408,200
2111,262,201,424,431
2111,206,340,262,392
2112,345,0,480,260
2112,378,173,409,201
2112,268,203,429,431
2112,206,341,262,392
2113,350,1,481,258
2113,379,173,409,201
2113,271,201,433,431
2113,206,345,261,392
2114,356,25,459,170
2114,427,168,456,208
2114,380,174,409,201
2114,273,200,436,431
2114,452,208,484,261
2114,207,343,247,375
2115,363,39,465,174
2115,431,167,461,211
2115,381,174,409,201
2115,280,201,440,431
2115,452,234,490,271
2115,277,302,317,345
2115,207,342,242,375
2116,369,30,471,201
2116,436,168,467,213
2116,285,201,443,431
2116,452,221,486,266
2116,280,304,317,337
2116,207,340,237,374
2117,494,30,520,66
2117,440,53,495,86
2117,376,56,462,201
2117,443,173,470,209
2117,290,200,445,431
2117,454,230,485,268
2117,283,307,314,333
2117,207,340,237,374
2118,446,17,528,89
2118,383,64,465,187
2118,447,176,473,211
2118,295,201,448,431
2118,453,234,485,268
2118,286,307,314,333
2118,207,346,236,374
2119,457,18,535,110
2119,390,71,468,191
2119,450,112,498,163
2119,450,178,476,212
2119,299,200,451,431
2119,453,234,485,268
2119,207,346,236,374
2120,462,21,542,96
2120,397,66,469,196
2120,450,112,504,168
2120,302,200,453,430
2120,453,234,485,269
2120,208,347,236,374
2121,468,24,549,174
2121,382,61,469,201
2121,305,200,455,430
2121,454,235,485,269
2122,468,27,555,181
2122,439,65,467,91
2122,418,91,457,135
2122,391,138,470,206
2122,308,199,457,428
2122,454,235,485,269
2123,402,31,562,212
2123,420,75,465,135
2123,309,198,457,427
2123,454,236,485,269
2124,414,36,569,217
2124,310,197,457,424
2124,454,236,485,269
2125,426,40,576,223
2125,310,195,457,420
2125,454,237,485,269
2126,431,44,583,234
2126,310,193,457,420
2126,455,239,484,269
2126,213,335,248,373
2127,436,48,590,233
2127,309,190,457,418
2127,214,336,242,367
2128,440,54,598,271
2128,308,189,456,417
2128,215,336,247,371
2129,444,59,605,287
2129,306,186,455,417
2129,215,337,247,371
2130,449,65,612,303
2130,306,184,454,416
2130,214,335,247,371
2131,453,71,620,322
2131,304,182,452,416
2131,57,221,101,264
2131,213,334,247,371
2132,456,77,625,336
2132,303,181,450,415
2132,47,214,111,273
2132,214,335,246,369
2133,456,83,626,344
2133,296,178,449,415
2133,55,218,129,287
2133,215,335,246,369
2134,456,88,643,291
2134,293,176,447,416
2134,62,227,132,292
2134,479,291,567,347
2134,215,335,245,367
2135,443,93,644,296
2135,291,174,446,416
2135,62,225,132,292
2135,43,264,84,296
2135,473,291,566,348
2135,216,337,245,367
2136,460,98,629,345
2136,633,118,661,153
2136,289,172,445,415
2136,63,226,128,289
2136,40,260,83,298
2136,215,337,245,367
2137,447,112,641,347
2137,633,123,670,150
2137,286,170,444,413
2137,65,226,129,289
2137,44,262,93,301
2137,217,339,245,367
2138,453,120,648,277
2138,282,168,443,412
2138,69,232,111,274
2138,41,261,94,301
2138,477,285,566,348
2139,460,125,656,348
2139,280,165,443,409
2139,41,262,93,301
2139,216,338,245,369
2140,634,117,664,142
2140,459,132,687,348
2140,277,163,443,404
2140,43,263,85,299
2140,217,338,245,369
2141,624,123,669,154
2141,464,137,703,346
2141,275,160,444,399
2142,472,132,709,345
2142,274,157,446,393
2143,475,140,713,348
2143,274,154,447,391
2144,476,145,719,343
2144,276,152,448,390
2145,278,149,450,391
2145,487,157,719,348
2145,473,321,507,355
2146,281,147,452,400
2146,453,161,719,375
2147,277,144,453,402
2147,447,169,719,394
2148,278,142,455,402
2148,449,177,719,413
2149,280,139,457,398
2149,450,187,719,431
2150,283,136,458,390
2150,449,194,719,442
2151,286,134,459,388
2151,455,202,719,445
2152,289,132,461,388
2152,453,210,719,449
2153,292,130,462,386
2153,455,218,719,451
2154,296,128,463,381
2154,456,227,719,451
2155,303,125,464,391
2155,457,235,719,451
2156,305,122,466,389
2156,463,243,719,450
2157,308,119,467,386
2157,481,251,719,450
2158,312,116,470,381
2158,480,259,719,450
2159,313,113,472,375
2159,480,267,719,450
2160,314,110,474,369
2160,24,270,63,303
2160,480,275,719,450
2161,314,108,477,361
2161,24,270,64,303
2161,490,283,719,452
2162,312,105,479,354
2162,22,268,65,302
2162,490,291,719,464
2163,310,101,481,354
2163,22,268,72,303
2163,487,299,719,472
2164,307,99,483,351
2164,23,267,74,303
2164,495,309,719,474
2165,305,96,485,351
2165,23,266,76,303
2165,492,318,719,475
2166,305,94,487,350
2166,23,264,78,301
2166,496,328,719,475
2167,306,91,488,350
2167,23,263,76,301
2167,492,337,719,479
2168,310,89,487,350
2168,23,256,85,302
2168,489,348,719,479
2169,311,86,491,349
2169,32,258,84,301
2170,314,86,493,348
2170,32,253,85,301
2171,318,83,493,347
2171,33,254,83,301
2172,322,80,493,347
2172,24,248,89,300
2173,327,77,493,346
2173,28,249,84,301
2174,330,74,493,345
2174,24,248,83,300
2175,334,69,493,345
2175,27,248,91,300
2176,338,66,494,343
2176,27,248,84,296
2177,340,62,493,341
2177,62,225,128,288
2177,46,264,83,297
2178,342,60,492,336
2178,59,223,129,288
2179,344,57,492,341
2179,56,218,128,288
2180,345,54,490,335
2180,63,225,129,285
2181,346,51,485,327
2181,59,221,124,281
2182,346,48,484,319
2182,450,113,483,137
2182,44,205,112,275
2183,345,44,481,311
2183,59,222,113,276
2184,344,40,476,302
2184,59,222,106,267
2185,343,36,469,292
2185,59,221,110,270
2186,342,32,469,290
2186,57,221,105,265
2187,341,29,469,289
2187,49,214,105,265
2188,340,26,467,288
2188,59,221,105,263
2189,339,22,465,287
2189,59,221,95,257
2190,339,20,464,286
2190,58,220,86,246
2191,338,16,462,286
2192,338,14,462,285
2193,339,12,462,291
2194,340,10,462,291
2195,341,8,462,290
2196,344,5,463,290
2197,347,3,463,289
2198,350,2,464,286
2199,355,0,464,281
2200,352,0,462,274
2201,349,0,458,268
2202,344,0,455,263
2203,340,0,451,256
2204,335,0,449,250
2205,330,0,449,246
2206,325,0,448,244
2207,320,0,446,244
2208,315,0,442,244
2209,309,0,435,244
2210,304,0,433,244
2211,298,0,422,244
2212,291,0,413,244
2213,285,0,409,244
2214,278,0,403,244
2215,271,0,398,244
2216,263,0,395,244
2216,268,126,295,154
2217,257,0,395,244
2218,251,0,394,244
2219,245,0,400,244
2219,261,94,288,120
2220,239,0,399,243
2221,236,0,398,243
2222,233,0,394,243
2230,226,0,298,46
2230,277,55,374,246
2231,224,0,297,55
2231,277,57,374,246
2232,223,0,296,57
2232,277,61,374,246
2233,230,0,295,55
2233,277,62,374,246
2234,230,0,295,54
2234,277,62,374,246
2235,230,0,295,55
2235,277,62,374,246
2236,230,0,296,56
2236,285,62,373,246
2237,230,0,297,55
2237,285,62,373,246
2238,230,0,298,52
2238,285,62,372,246
2239,230,0,298,47
2239,285,62,372,246
2240,223,0,299,53
2240,285,62,371,246
2241,224,0,299,46
2241,285,71,377,246
2242,230,0,299,48
2242,286,71,376,245
2243,230,0,303,47
2243,286,71,374,244
2244,230,0,302,47
2244,286,63,372,241
2245,230,0,302,47
2245,251,62,275,95
2245,286,63,366,236
2246,230,0,301,47
2246,286,63,352,233
2247,230,0,300,46
2247,286,70,345,233
2248,230,0,301,46
2248,251,61,276,95
2248,281,70,344,233
2249,230,0,301,48
2249,277,70,344,233
2250,230,0,303,46
2250,277,70,344,233
2251,230,0,304,48
2251,277,64,344,233
2252,230,0,306,49
2252,276,57,344,233
2253,230,0,308,49
2253,276,58,343,233
2254,230,0,311,50
2254,276,57,342,233
2256,255,55,282,82
2258,232,0,338,233
2259,232,0,337,233
2260,232,0,337,233
2261,232,0,337,233
2262,232,0,338,233
2263,232,0,338,233
2264,232,0,339,233
2265,232,0,340,233
2266,232,0,341,233
2267,232,0,343,233
2268,232,0,344,233
2269,232,0,346,233
2270,235,0,348,233
2271,237,0,350,233
2272,241,0,352,233
2272,250,56,280,96
2273,243,0,354,233
2273,250,54,283,96
2274,245,0,355,233
2274,248,58,284,96
2275,245,0,357,233
2275,247,56,288,96
2276,246,0,362,234
2276,247,54,293,95
2277,248,0,369,236
2277,248,50,296,95
2278,248,0,376,238
2278,249,48,294,95
2279,249,0,383,239
2279,249,46,288,95
2280,249,0,389,238
2280,255,46,294,86
2281,250,0,393,236
2281,255,47,295,94
2282,254,0,396,233
2282,255,48,294,93
2283,257,0,398,230
2283,256,49,295,95
2284,260,0,399,227
2284,264,52,295,93
2285,262,0,400,225
2285,268,56,296,87
2286,266,0,401,222
2287,272,0,404,219
2288,277,0,411,216
2289,282,0,416,215
2290,287,0,418,215
2291,290,0,417,215
2292,293,0,418,214
2293,298,0,422,214
2294,302,0,428,215
2295,305,0,434,216
2296,305,0,437,217
2297,309,0,437,220
2298,309,0,437,224
2299,309,0,437,229
2300,312,0,440,235
2300,442,111,473,145
2301,315,0,445,242
2301,443,111,480,146
2302,318,0,450,250
2302,446,111,486,146
2303,321,0,456,257
2303,451,112,490,146
2304,325,0,461,263
2305,328,0,463,269
2305,466,111,495,142
2306,333,0,462,275
2306,466,109,498,150
2307,337,0,469,279
2307,466,101,504,151
2308,410,0,462,37
2308,342,39,463,283
2308,466,98,509,160
2309,415,0,462,34
2309,452,21,480,56
2309,347,45,466,286
2309,442,95,513,165
2310,424,0,461,31
2310,458,26,485,60
2310,354,48,467,287
2310,442,64,516,170
2311,431,0,460,30
2311,462,27,497,90
2311,360,56,468,289
2311,442,90,517,175
2312,439,31,518,180
2312,367,62,471,289
2313,443,33,517,183
2313,374,71,472,289
2314,382,26,517,289
2315,392,18,519,289
2315,398,81,436,135
2316,399,18,526,289
2316,403,94,434,135
2317,404,20,532,289
2318,410,23,538,289
2319,416,28,545,289
2320,420,33,552,289
2321,424,38,559,289
2322,424,44,566,304
2322,57,221,130,288
2323,425,50,574,320
2323,48,215,130,291
2324,426,56,581,337
2324,37,204,130,291
2325,426,62,589,347
2325,50,265,85,296
2326,428,69,596,351
2326,54,218,131,292
2326,33,253,86,298
2327,430,75,605,352
2327,55,217,128,289
2327,23,247,91,301
2328,433,81,613,349
2328,63,227,105,269
2328,24,247,95,300
2329,438,87,620,349
2329,24,249,91,301
2330,441,93,622,349
2330,29,257,91,301
2331,451,98,632,349
2331,27,264,85,300
2332,459,105,641,349
2332,46,270,81,298
2333,455,112,650,349
2334,460,125,657,352
2335,459,136,659,353
2336,457,154,674,362
2336,229,336,263,385
2337,447,169,679,381
2337,230,352,266,392
2338,452,150,686,399
2338,224,351,265,393
2339,452,159,691,416
2339,222,351,265,396
2340,452,171,695,432
2340,217,351,262,392
2341,453,178,699,440
2341,206,344,261,392
2342,454,187,703,441
2342,206,344,250,385
2343,458,197,706,439
2343,206,344,249,383
2344,464,206,709,439
2345,468,216,711,439
2346,479,225,716,439
2347,480,235,719,439
2348,479,245,719,439
2349,458,254,719,439
2350,481,264,719,448
2351,479,275,719,459
2352,483,285,719,468
2353,476,297,719,479
2354,480,307,719,479
2355,480,319,719,479
2356,484,329,719,479
2357,478,341,719,479
2384,545,459,576,479
2385,539,447,579,479
2386,540,439,579,473
2387,539,435,577,479
2388,511,431,574,479
2389,523,431,580,479
2389,655,439,719,479
2390,646,421,719,479
2390,520,431,598,479
2391,650,403,719,479
2395,493,346,719,479
2396,496,334,719,479
2397,500,321,719,479
2398,498,311,719,479
2399,497,300,719,479
2400,475,293,719,479
2401,469,280,719,479
2402,465,271,719,479
2403,457,263,719,479
2404,459,254,719,479
2405,459,246,719,479
2406,459,238,719,479
2407,462,230,719,479
2408,461,220,719,479
2409,463,211,719,479
2410,463,201,718,479
2411,464,193,711,479
2412,464,185,707,477
2413,464,182,700,469
2413,577,187,602,217
2414,570,173,606,224
2414,464,177,696,465
2415,460,162,691,459
2415,566,162,609,224
2416,460,153,686,450
2417,452,143,680,436
2418,456,137,674,419
2419,462,130,668,400
2419,231,356,262,390
2420,453,121,662,392
2420,230,354,261,387
2421,454,116,656,392
2421,231,355,263,390
2422,451,109,647,392
2422,233,355,263,391
2423,450,104,642,392
2423,234,355,265,392
2424,446,97,638,392
2425,444,91,632,392
2426,444,85,626,392
2426,537,434,604,479
2427,443,79,619,392
2427,534,429,605,479
2427,682,456,719,479
2428,442,73,617,392
2428,32,265,88,300
2428,533,428,611,479
2428,681,447,719,479
2429,442,67,615,391
2429,678,435,719,479
2430,443,61,611,390
2430,75,238,121,282
2430,33,261,93,301
2431,446,54,606,388
2431,62,227,132,291
2431,38,260,86,300
2432,447,46,602,384
2432,60,224,130,289
2432,34,252,91,301
2433,447,39,597,378
2433,59,221,124,282
2433,31,250,85,298
2434,444,32,593,370
2434,52,219,121,281
2434,39,260,91,301
2435,440,27,588,364
2435,40,205,122,281
2435,39,262,85,298
2436,435,21,584,356
2436,54,221,123,283
2436,41,260,83,298
2437,432,16,580,343
2437,50,214,131,291
2437,40,261,85,297
2438,428,12,575,334
2438,51,218,129,286
2438,44,260,77,296
2438,513,362,719,479
2439,425,8,571,327
2439,53,219,132,289
2439,514,354,719,479
2440,420,5,567,315
2440,54,220,131,291
2440,515,349,719,479
2441,409,3,562,304
2441,59,221,132,290
2441,515,340,719,479
2442,399,0,557,300
2442,50,215,123,281
2442,495,336,719,479
2443,389,0,552,300
2443,60,223,110,270
2443,493,325,719,479
2444,380,0,548,299
2444,59,220,97,262
2444,484,319,719,479
2445,372,0,544,298
2445,63,225,96,257
2445,479,306,719,479
2446,367,0,540,298
2446,480,303,719,479
2447,363,0,536,297
2447,481,286,719,479
2448,361,0,532,296
2448,490,285,719,479
2449,360,0,528,296
2449,491,276,719,479
2450,360,0,524,296
2450,491,266,719,476
2451,404,0,492,76
2451,360,25,520,295
2451,490,258,719,466
2452,397,0,482,56
2452,360,47,515,293
2452,409,110,438,136
2452,490,251,719,457
2453,388,0,477,79
2453,360,45,507,292
2453,490,243,719,448
2454,381,0,473,77
2454,445,44,505,149
2454,359,81,491,283
2454,478,237,719,443
2455,374,0,463,74
2455,463,47,497,113
2455,360,74,489,273
2455,491,230,719,436
2456,359,0,484,267
2456,464,56,494,113
2456,493,225,719,428
2457,359,0,479,262
2457,462,219,719,430
2458,351,0,474,257
2458,486,214,719,430
2459,344,0,469,253
2459,468,209,719,431
2460,338,0,462,251
2460,471,204,719,430
2461,332,0,455,251
2461,475,199,719,431
2462,327,0,447,251
2462,469,193,719,432
2463,324,0,446,251
2463,481,187,719,431
2464,321,0,447,251
2464,476,182,719,431
2465,316,0,441,251
2465,475,176,719,430
2466,312,0,436,251
2466,471,170,719,428
2467,307,0,436,251
2467,477,163,719,427
2468,303,0,436,251
2468,471,158,719,426
2469,299,0,432,251
2469,447,75,476,123
2469,473,154,719,423
2470,295,0,429,251
2470,474,151,719,420
2471,291,0,424,251
2471,473,137,719,418
2472,287,0,422,251
2472,441,88,469,117
2472,475,133,719,408
2473,284,0,421,249
2473,493,141,719,394
2474,280,0,420,247
2474,637,121,689,150
2474,492,139,719,383
2475,277,0,419,247
2475,630,115,688,154
2475,491,139,719,372
2476,274,0,418,247
2476,625,115,659,162
2476,487,140,718,361
2477,273,0,417,247
2477,623,125,650,157
2477,487,144,713,352
2478,274,0,416,247
2478,622,125,649,156
2478,485,163,705,350
2479,274,0,413,244
2479,485,160,703,350
2480,274,0,410,247
2480,486,156,701,349
2481,270,0,406,247
2481,615,108,642,141
2481,480,157,699,349
2482,270,0,400,248
2482,478,144,697,348
2483,269,0,398,249
2483,479,142,695,348
2484,269,0,393,248
2484,475,140,692,346
2484,51,268,86,298
2485,271,0,388,246
2485,604,71,651,129
2485,609,132,688,244
2485,479,135,615,344
2485,93,255,122,282
2486,270,0,383,245
2486,603,66,657,117
2486,479,129,615,343
2486,626,129,685,219
2486,93,256,122,283
2487,269,0,377,244
2487,601,60,665,119
2487,478,122,615,342
2487,631,122,682,170
2487,93,255,122,282
2488,255,0,371,241
2488,600,55,667,120
2488,483,117,615,340
2488,642,127,682,167
2489,254,0,366,228
2489,639,123,679,165
2489,615,183,641,211
2490,254,0,363,227
2490,497,46,672,323
2490,635,119,676,160
2490,611,178,640,210
2491,253,0,361,225
2491,497,41,673,314
2491,634,116,675,157
2491,607,168,656,209
2492,254,0,360,224
2492,497,37,675,301
2493,253,0,358,228
2493,497,32,676,292
2494,251,0,357,228
2494,497,29,676,283
2494,632,111,671,152
2495,250,0,355,228
2495,497,26,676,277
2495,636,110,669,149
2496,237,0,353,228
2496,497,22,674,277
2496,637,111,668,149
2496,613,171,641,200
2497,237,0,352,224
2497,497,20,672,276
2497,637,117,666,149
2497,615,159,647,196
2498,236,0,351,224
2498,498,18,672,276
2498,637,118,663,146
2498,613,167,641,196
2499,236,0,351,222
2499,498,15,671,275
2500,239,0,350,222
2500,498,12,671,283
2501,238,0,350,222
2501,498,10,671,274
2502,239,0,350,222
2502,498,7,671,283
2503,237,0,350,224
2503,499,4,672,282
2504,219,0,350,224
2504,499,1,672,282
2505,217,0,349,222
2505,500,0,673,281
2506,232,0,349,225
2506,501,0,675,279
2506,626,125,653,155
2507,216,0,349,224
2507,502,0,677,275
2507,624,125,653,159
2508,215,0,349,222
2508,501,0,678,269
2509,209,0,349,222
2509,502,0,679,261
2510,208,0,348,225
2510,505,0,680,250
2511,217,0,335,109
2511,506,0,680,241
2511,276,110,348,225
2512,218,0,333,81
2512,506,0,680,234
2512,265,110,348,225
2513,218,0,332,77
2513,504,0,679,227
2513,265,110,348,222
2514,218,0,330,76
2514,507,0,679,220
2514,265,110,348,222
2515,219,0,329,76
2515,515,0,678,219
2515,265,110,348,226
2516,223,0,328,76
2516,515,0,677,219
2516,265,110,348,226
2517,221,0,327,76
2517,515,0,677,218
2517,264,110,347,223
2518,514,0,676,218
2518,275,122,347,226
2519,210,0,325,72
2519,515,0,675,217
2519,277,122,347,226
2520,221,0,325,72
2520,518,0,674,217
2520,277,122,347,223
2521,220,0,325,72
2521,520,0,672,217
2521,230,122,255,151
2521,277,122,347,226
2522,212,0,325,72
2522,521,0,670,216
2522,276,122,347,226
2523,218,0,324,71
2523,521,0,668,215
2523,276,122,347,223
2524,214,0,324,71
2524,522,0,666,214
2524,276,122,347,226
2525,521,0,665,213
2525,236,3,323,71
2525,275,122,347,226
2526,173,0,209,21
2526,521,0,664,210
2526,244,3,323,71
2526,231,119,255,148
2526,276,123,347,226
2527,521,0,663,213
2527,245,4,323,71
2527,276,123,348,226
2528,521,0,662,210
2528,246,3,323,71
2528,231,118,257,148
2528,276,123,348,226
2529,521,0,661,208
2529,246,4,323,71
2529,231,119,257,150
2529,276,123,347,226
2530,521,0,660,205
2530,247,3,323,71
2530,231,119,257,150
2530,276,123,347,225
2531,521,0,660,201
2531,246,3,323,71
2531,231,119,256,150
2531,276,123,346,225
2532,172,0,209,22
2532,522,0,660,197
2532,246,2,323,71
2532,277,139,345,226
2533,171,0,209,24
2533,522,0,659,193
2533,245,2,319,53
2533,277,139,344,204
2534,166,0,209,59
2534,245,0,319,53
2534,522,0,659,189
2534,277,140,342,204
2535,166,0,209,61
2535,245,0,318,53
2535,520,0,660,187
2535,277,140,340,226
2536,166,0,209,63
2536,245,0,318,53
2536,520,0,661,187
2536,231,119,255,149
2536,275,140,340,226
2537,245,0,317,53
2537,519,0,662,187
2537,166,23,207,64
2537,231,119,256,151
2537,271,140,340,226
2538,244,0,317,53
2538,519,0,664,187
2538,167,25,210,65
2538,231,120,257,151
2538,270,140,340,227
2539,244,0,314,49
2539,521,0,664,187
2539,166,25,214,66
2539,265,140,340,209
2540,245,0,311,46
2540,520,0,663,187
2540,166,25,219,68
2540,263,140,340,234
2541,520,0,661,187
2541,246,1,309,46
2541,166,21,230,69
2541,263,140,340,244
2542,520,0,660,187
2542,246,1,306,44
2542,165,21,231,71
2542,263,140,340,231
2543,519,0,660,187
2543,246,2,305,43
2543,164,20,230,73
2543,263,140,340,241
2544,523,0,659,187
2544,246,3,301,42
2544,163,16,230,75
2544,263,140,340,246
2545,523,0,658,187
2545,244,5,299,42
2545,162,16,228,77
2545,297,140,340,202
2545,263,169,323,253
2545,267,244,294,271
2546,518,0,656,187
2546,244,6,295,42
2546,160,16,231,80
2546,297,140,340,202
2546,263,169,317,257
2546,262,249,290,275
2547,521,0,654,188
2547,243,9,293,42
2547,158,18,239,84
2547,297,140,340,202
2547,258,169,313,279
2548,519,0,652,189
2548,245,12,289,42
2548,155,19,239,87
2548,297,142,323,174
2548,256,169,313,280
2548,311,172,340,202
2549,520,0,652,192
2549,247,14,284,42
2549,152,21,239,92
2549,255,169,312,280
2549,311,173,340,202
2550,519,0,652,193
2550,149,23,236,96
2550,255,169,311,280
2550,311,173,339,201
2551,518,0,652,195
2551,145,28,254,102
2551,297,140,323,168
2551,256,169,311,280
2552,519,0,653,195
2552,141,33,230,107
2552,297,138,326,168
2552,255,169,311,281
2552,312,175,340,202
2553,520,0,653,195
2553,138,39,225,113
2553,297,138,328,170
2553,250,169,310,281
2554,520,0,654,195
2554,134,37,254,118
2554,297,138,329,171
2554,247,169,310,280
2555,520,0,655,195
2555,131,38,254,124
2555,297,138,330,171
2555,244,169,301,204
2555,255,210,312,281
2556,519,0,655,195
2556,127,39,254,131
2556,298,138,331,172
2556,238,158,313,281
2557,520,0,656,195
2557,124,63,238,138
2557,237,107,265,133
2557,298,138,331,172
2557,234,156,293,208
2557,255,211,313,281
2558,519,0,656,195
2558,122,53,237,145
2558,241,111,269,137
2558,298,138,331,173
2558,228,154,293,210
2558,255,210,312,281
2559,519,0,656,195
2559,120,52,237,152
2559,241,112,268,141
2559,298,138,331,174
2559,222,152,293,212
2559,256,210,312,281
2560,521,0,656,195
2560,120,52,238,159
2560,243,115,272,144
2560,298,138,331,176
2560,216,150,293,215
2560,255,210,313,281
2561,522,0,657,195
2561,120,52,241,167
2561,237,120,273,148
2561,298,138,337,199
2561,213,149,293,217
2561,255,209,312,281
2562,525,0,657,195
2562,120,52,242,171
2562,236,119,271,152
2562,298,138,338,200
2562,212,149,293,219
2562,255,210,313,280
2563,528,0,657,195
2563,120,53,241,176
2563,245,121,272,153
2563,298,138,339,200
2563,205,149,293,221
2563,255,209,313,281
2564,529,0,657,195
2564,119,54,241,179
2564,298,139,340,201
2564,205,149,293,223
2564,255,211,313,281
2565,530,0,657,195
2565,119,60,238,182
2565,298,139,341,202
2565,201,149,293,224
2565,255,211,312,281
2566,530,0,657,195
2566,185,63,238,123
2566,119,115,210,185
2566,200,128,293,225
2566,298,139,342,202
2566,255,207,312,281
2567,531,0,657,195
2567,186,62,238,123
2567,120,117,208,188
2567,298,139,342,202
2567,199,149,293,226
2567,255,207,313,281
2568,531,0,656,195
2568,120,65,236,190
2568,298,139,342,202
2568,198,152,293,226
2568,255,207,310,281
2569,531,0,656,195
2569,121,66,293,227
2569,298,139,342,202
2569,255,211,314,281
2570,531,0,654,195
2570,121,67,289,228
2570,299,129,342,202
2570,255,211,314,281
2571,532,0,654,196
2571,124,69,289,228
2571,300,129,342,202
2571,255,207,315,281
2572,533,0,655,196
2572,121,69,288,230
2572,302,129,342,202
2572,255,211,314,281
2573,535,0,655,197
2573,120,71,288,231
2573,302,129,341,201
2573,256,208,314,281
2574,537,0,656,199
2574,119,71,288,232
2574,303,133,342,202
2574,255,208,313,281
2575,539,0,658,201
2575,119,73,288,233
2575,243,124,270,151
2575,303,133,340,196
2575,273,212,315,270
2575,256,253,285,281
2576,540,0,662,202
2576,119,73,274,234
2576,303,133,340,196
2576,255,212,315,281
2577,540,0,664,203
2577,119,75,274,235
2577,305,133,341,197
2577,255,212,315,281
2577,54,214,83,242
2578,540,0,665,204
2578,119,74,274,236
2578,306,133,341,197
2578,274,212,315,270
2578,53,215,82,242
2578,255,253,285,281
2579,539,0,666,205
2579,119,75,273,236
2579,306,133,342,198
2579,40,202,82,242
2579,274,212,311,270
2579,255,253,285,281
2580,539,0,665,207
2580,119,75,273,236
2580,306,134,343,199
2580,53,213,80,240
2580,281,234,309,270
2580,255,253,285,281
2581,539,0,665,208
2581,119,75,273,236
2581,306,134,344,199
2581,283,233,311,270
2581,255,253,285,281
2582,539,0,668,209
2582,118,75,274,235
2582,306,138,345,198
2582,255,233,316,281
2583,539,0,669,211
2583,118,75,274,235
2583,238,125,266,154
2583,306,138,353,223
2583,283,233,316,270
2583,255,253,285,281
2584,537,0,689,212
2584,118,74,274,234
2584,306,133,356,225
2584,274,222,316,270
2584,255,253,285,281
2585,535,0,687,213
2585,117,74,274,234
2585,307,133,359,228
2585,255,238,316,281
2586,534,0,683,215
2586,117,72,274,233
2586,307,134,361,230
2586,255,239,316,281
2587,534,0,681,215
2587,116,72,274,232
2587,307,128,362,232
2587,255,221,316,281
2588,534,0,680,215
2588,115,70,275,231
2588,308,129,363,231
2588,269,220,317,270
2588,255,253,285,281
2589,534,0,680,215
2589,115,68,276,230
2589,244,118,268,150
2589,308,125,363,232
2589,255,244,308,281
2590,534,0,681,215
2590,115,67,276,229
2590,243,116,270,148
2590,308,124,363,232
2590,270,217,298,246
2590,255,244,308,281
2591,534,0,681,215
2591,116,66,236,186
2591,240,116,268,145
2591,308,121,363,232
2591,195,153,276,228
2591,270,217,298,243
2591,255,239,316,281
2592,534,0,680,215
2592,188,65,236,123
2592,196,113,279,227
2592,117,114,212,182
2592,308,122,363,232
2592,270,216,298,243
2592,283,239,316,270
2592,255,254,285,281
2593,534,0,679,215
2593,118,65,236,177
2593,308,121,363,234
2593,201,150,276,225
2593,271,216,316,270
2593,256,254,285,281
2594,534,0,678,215
2594,120,64,236,172
2594,308,112,363,234
2594,202,124,280,224
2594,271,215,316,270
2594,255,254,285,281
2595,534,0,678,215
2595,122,67,236,167
2595,308,111,362,235
2595,244,123,272,159
2595,211,150,276,222
2595,272,214,316,270
2595,256,254,285,281
2596,534,0,678,215
2596,124,66,236,162
2596,309,110,363,234
2596,239,119,273,157
2596,213,150,276,220
2596,256,214,316,281
2597,534,0,679,215
2597,126,69,236,157
2597,309,108,362,235
2597,614,116,641,143
2597,240,124,272,153
2597,214,150,276,218
2597,256,214,317,281
2598,534,0,680,215
2598,129,71,236,151
2598,309,107,363,234
2598,217,150,276,215
2598,273,214,313,243
2598,256,254,285,281
2599,534,0,681,215
2599,132,75,235,146
2599,310,107,363,234
2599,240,115,266,147
2599,221,153,277,212
2599,273,214,314,243
2599,256,254,284,281
2600,534,0,682,220
2600,135,73,235,141
2600,310,105,363,234
2600,242,117,270,145
2600,226,154,277,209
2600,273,214,314,243
2600,255,254,284,280
2601,534,0,682,227
2601,138,68,234,135
2601,310,104,363,234
2601,239,109,271,141
2601,232,157,276,207
2601,275,216,315,243
2601,256,254,284,281
2602,534,0,683,233
2602,142,62,235,128
2602,310,103,363,234
2602,241,108,270,138
2602,236,158,276,204
2602,275,216,315,270
2602,256,253,284,280
2603,534,0,684,237
2603,145,56,225,123
2603,310,97,363,234
2603,256,217,316,280
2604,534,0,685,244
2604,149,50,227,117
2604,310,94,364,234
2604,255,217,316,280
2605,534,0,685,249
2605,151,45,230,113
2605,310,91,365,234
2605,257,218,318,277
2606,534,0,686,252
2606,153,40,232,108
2606,310,89,365,234
2606,284,218,319,268
2607,534,0,686,255
2607,155,36,233,103
2607,310,89,366,234
2607,283,218,319,268
2608,534,0,687,257
2608,157,33,236,99
2608,310,88,366,234
2608,283,217,319,268
2609,533,0,687,259
2609,159,33,238,95
2609,311,88,365,235
2609,283,217,319,268
2610,530,0,686,259
2610,161,33,238,91
2610,311,88,365,234
2610,283,217,318,268
2611,529,0,683,259
2611,164,34,240,87
2611,300,46,336,90
2611,311,88,365,235
2611,283,218,319,268
2612,529,0,681,259
2612,167,35,244,84
2612,300,45,365,234
2612,283,219,319,268
2613,529,0,683,259
2613,170,35,247,81
2613,299,39,365,234
2613,283,218,319,268
2614,529,0,686,259
2614,294,30,365,234
2614,174,36,249,79
2614,283,218,319,268
2615,529,0,687,260
2615,293,28,365,234
2615,179,36,249,76
2615,283,219,319,268
2616,529,0,689,259
2616,291,26,364,229
2616,188,36,249,74
2616,283,218,319,268
2617,527,0,690,259
2617,291,25,364,235
2617,196,36,250,71
2617,283,218,319,268
2618,524,0,690,259
2618,290,24,363,219
2618,283,219,319,268
2619,522,0,691,259
2619,290,24,362,219
2619,669,75,695,106
2619,290,219,316,248
2620,519,0,690,259
2620,241,4,273,37
2620,290,23,362,218
2621,233,0,280,40
2621,515,0,691,259
2621,290,23,362,219
2622,233,0,283,39
2622,511,0,690,259
2622,290,23,361,218
2623,233,0,288,41
2623,507,0,688,260
2623,290,23,361,218
2624,504,0,687,260
2625,501,0,685,260
2626,234,0,364,217
2626,499,0,683,260
2627,236,0,366,217
2627,497,0,682,260
2628,239,0,369,217
2628,496,0,682,260
2629,244,0,371,217
2629,495,0,681,260
2630,249,0,374,217
2630,495,0,680,260
2631,254,0,376,219
2631,494,0,677,260
2632,258,0,378,219
2632,493,0,673,260
2633,262,0,380,219
2633,492,0,670,260
2634,266,0,382,219
2634,491,0,669,260
2635,270,0,384,219
2635,490,0,667,260
2636,273,0,386,219
2636,488,0,666,260
2637,277,0,388,219
2637,486,0,660,260
2638,280,0,389,219
2638,485,0,659,260
2639,283,0,390,219
2639,484,0,653,260
2640,286,0,391,219
2640,483,0,650,260
2641,288,0,391,219
2641,483,0,646,260
2642,290,0,392,219
2642,483,0,641,260
2643,292,0,393,219
2643,483,0,634,260
2644,292,0,393,219
2644,483,0,631,260
2645,483,0,626,260
2645,299,4,394,219
2646,483,0,622,258
2646,302,8,394,219
2647,483,0,618,255
2647,307,12,395,219
2647,581,90,620,146
2648,483,0,614,250
2648,309,16,395,219
2648,584,94,618,142
2649,483,0,612,246
2649,309,21,396,219
2649,584,98,616,140
2650,483,0,610,242
2650,310,25,397,219
2650,586,107,613,137
2651,483,0,609,238
2651,310,30,398,217
2652,483,0,607,234
2652,311,34,398,217
2652,265,217,291,244
2653,483,0,605,231
2653,311,39,399,217
2654,483,0,604,229
2654,312,43,400,209
2655,483,0,607,229
2655,312,47,401,209
2656,483,0,601,229
2656,312,50,401,205
2657,483,0,591,229
2657,314,53,402,205
2658,483,0,590,229
2658,316,55,402,205
2659,483,0,590,229
2659,316,57,403,205
2660,480,0,588,229
2660,318,58,403,205
2661,478,0,588,229
2661,318,59,403,205
2662,475,0,598,229
2662,318,60,403,204
2663,473,0,587,229
2663,318,60,403,204
2664,471,0,587,229
2664,318,60,403,204
2665,470,0,587,229
2665,318,59,403,204
2666,469,0,587,229
2666,318,61,403,204
2667,469,0,589,230
2667,318,61,403,204
2668,470,0,589,230
2668,318,56,403,204
2669,470,0,588,231
2669,318,54,402,204
2670,471,0,589,231
2670,318,51,401,204
2671,472,0,588,232
2671,318,50,400,204
2672,473,0,587,200
2672,318,46,398,204
2672,507,184,568,232
2673,475,0,588,199
2673,317,44,397,204
2673,509,184,569,233
2674,477,0,590,198
2674,312,40,395,204
2674,510,184,569,233
2675,480,0,602,198
2675,311,36,393,204
2675,513,183,570,234
2676,483,0,605,198
2676,310,33,390,203
2676,515,182,571,235
2677,483,0,608,198
2677,310,29,387,203
2677,517,182,571,237
2678,483,0,611,198
2678,304,24,385,202
2678,520,177,572,238
2679,483,0,612,198
2679,293,21,381,202
2679,523,176,573,239
2680,483,0,615,198
2680,288,17,378,202
2680,526,162,573,240
2681,483,0,618,198
2681,282,14,374,202
2681,529,161,574,241
2682,483,0,625,198
2682,274,10,372,202
2682,566,103,615,159
2682,531,160,575,242
2683,483,0,629,198
2683,266,8,326,50
2683,311,47,369,202
2683,569,85,622,159
2683,533,159,577,243
2684,483,0,631,198
2684,257,5,321,50
2684,312,46,366,201
2684,570,77,627,160
2684,535,159,578,244
2685,509,0,636,175
2685,250,4,315,50
2685,312,46,352,82
2685,570,72,631,161
2685,323,110,364,199
2685,537,158,580,245
2685,483,170,529,198
2686,509,0,641,246
2686,245,2,308,43
2686,312,46,352,82
2686,323,122,357,185
2686,483,170,528,197
2687,241,0,302,42
2687,510,0,645,246
2687,312,46,340,75
2687,323,144,350,180
2687,237,158,264,191
2687,483,170,528,198
2688,238,0,296,42
2688,511,0,648,246
2688,323,144,348,173
2688,232,156,276,205
2688,483,170,528,198
2689,237,0,290,42
2689,512,0,653,246
2689,227,154,276,207
2689,483,170,528,197
2690,234,0,285,42
2690,509,0,657,246
2690,210,71,236,104
2690,222,153,276,207
2690,483,170,528,198
2691,233,0,280,42
2691,508,0,660,246
2691,208,54,242,107
2691,218,151,276,207
2691,483,170,529,206
2692,226,0,275,38
2692,507,0,663,246
2692,205,38,257,110
2692,216,150,276,207
2692,483,169,529,205
2693,226,0,272,37
2693,509,0,666,246
2693,204,37,257,124
2693,215,150,276,206
2693,483,169,529,205
2694,226,0,268,35
2694,203,36,257,124
2694,511,38,581,170
2694,214,150,276,206
2694,482,170,528,205
2695,226,0,264,29
2695,202,36,257,124
2695,517,38,581,166
2695,215,150,276,206
2695,481,172,518,200
2696,201,36,254,124
2696,520,38,581,166
2696,214,150,276,205
2696,483,175,519,205
2697,201,36,254,124
2697,524,39,581,160
2697,215,150,276,204
2697,484,179,521,209
2698,201,36,254,124
2698,525,50,577,156
2698,216,150,276,203
2698,486,182,523,214
2699,202,36,254,124
2699,525,55,577,144
2699,218,152,276,202
2699,488,181,545,219
2700,204,36,254,111
2700,525,58,576,144
2700,221,153,274,208
2700,492,181,546,226
2701,206,36,254,106
2701,525,79,565,145
2701,225,153,262,189
2702,584,33,612,59
2702,209,36,254,104
2702,525,79,565,144
2702,234,157,261,186
2703,211,36,254,98
2703,525,81,563,151
2704,213,36,254,84
2704,523,81,563,153
2705,255,17,295,42
2705,215,36,254,82
2705,521,88,560,155
2706,217,36,254,78
2706,521,89,560,161
2707,200,12,254,77
2707,519,93,559,164
2708,201,15,254,64
2708,595,17,705,125
2708,519,99,558,165
2709,595,19,705,125
2709,213,22,254,65
2709,518,100,558,166
2710,213,0,306,65
2710,614,20,704,101
2710,520,117,557,166
2710,516,133,610,282
2710,294,224,322,253
2711,213,18,254,64
2711,614,20,704,103
2711,521,117,557,165
2711,516,133,610,282
2711,294,223,325,253
2712,200,11,254,66
2712,613,21,703,104
2712,515,133,609,282
2712,294,219,328,254
2713,201,0,306,64
2713,614,23,703,104
2713,515,133,609,282
2713,294,208,333,254
2714,200,12,239,42
2714,615,24,702,125
2714,514,133,610,282
2714,296,206,336,252
2715,199,10,239,42
2715,616,26,705,128
2715,582,68,608,96
2715,514,133,610,282
2715,297,206,340,250
2716,617,28,707,129
2716,514,133,610,282
2716,301,206,343,249
2717,619,30,709,133
2717,514,133,610,282
2717,301,205,346,272
2718,173,0,209,21
2718,620,32,711,132
2718,515,133,628,282
2718,304,205,349,248
2718,309,246,336,272
2719,173,0,209,21
2719,228,0,302,42
2719,620,33,713,111
2719,515,133,610,282
2719,307,205,352,272
2720,173,0,209,21
2720,623,35,714,112
2720,515,133,631,282
2720,311,205,355,271
2721,173,0,209,21
2721,624,37,717,135
2721,515,133,629,282
2721,320,209,356,271
2722,620,39,719,164
2722,515,132,628,282
2722,328,218,362,272
2723,229,0,301,44
2723,624,41,719,144
2723,515,147,632,287
2723,332,219,365,271
2724,229,0,303,42
2724,334,217,366,270
2725,334,217,370,269
2726,229,0,316,50
2726,335,213,371,269
2727,334,218,372,268
2728,331,122,358,149
2728,326,160,352,188
2728,333,218,372,267
2728,72,232,104,264
2729,326,85,364,189
2729,331,218,372,267
2730,333,218,372,267
2730,60,224,100,264
2731,235,0,289,74
2731,291,24,375,202
2731,519,69,719,326
2731,265,121,292,150
2731,333,217,373,266
2731,56,218,98,262
2732,227,0,292,74
2732,291,24,380,202
2732,625,74,719,212
2732,612,106,645,134
2732,266,123,294,152
2732,519,148,645,327
2732,333,217,373,267
2732,59,221,104,264
2733,214,0,295,77
2733,308,30,385,202
2733,520,104,719,322
2733,267,125,294,154
2733,333,217,373,267
2733,59,222,123,282
2734,215,0,303,74
2734,312,35,390,203
2734,520,104,719,322
2734,267,127,294,157
2734,333,217,373,266
2734,64,229,132,290
2735,218,0,305,76
2735,312,36,395,203
2735,521,97,719,322
2735,333,217,373,266
2735,70,230,133,290
2736,240,0,399,204
2736,221,36,254,67
2736,522,104,719,322
2736,333,217,373,266
2736,69,232,132,291
2737,226,0,403,213
2737,525,104,719,322
2737,333,217,373,266
2737,72,236,128,289
2738,245,0,406,215
2738,633,117,681,152
2738,529,121,719,322
2738,333,217,373,266
2738,70,232,130,290
2739,252,2,409,216
2739,632,118,688,153
2739,528,126,719,323
2739,334,217,373,266
2739,72,235,132,291
2740,253,3,331,53
2740,325,40,412,267
2740,258,48,323,86
2740,637,115,695,154
2740,529,127,719,326
2740,564,204,594,248
2740,86,247,123,281
2741,255,4,414,267
2741,284,59,322,87
2741,527,128,719,326
2741,565,208,593,249
2741,87,249,120,280
2741,58,273,90,300
2742,258,5,416,266
2742,524,127,719,326
2742,296,205,334,245
2742,567,212,593,247
2743,266,6,419,266
2743,505,128,719,334
2744,273,7,420,266
2744,294,68,324,93
2744,509,128,719,346
2745,278,9,421,266
2745,516,128,719,358
2746,284,11,422,267
2746,521,130,719,370
2747,287,13,423,284
2747,523,136,719,381
2748,291,16,424,291
2748,524,140,719,388
2749,295,20,424,301
2749,527,146,719,392
2750,305,23,424,309
2750,530,151,719,392
2751,312,26,425,317
2751,523,156,719,389
2752,313,30,425,323
2752,529,161,719,389
2753,313,34,426,328
2753,516,167,719,389
2754,318,39,426,332
2754,517,171,719,389
2755,318,44,427,334
2755,522,179,719,389
2756,318,48,427,335
2756,523,184,719,389
2757,318,53,428,337
2757,522,187,719,389
2757,88,246,123,280
2758,315,64,429,337
2758,524,190,719,389
2758,57,218,120,281
2759,301,66,431,338
2759,525,195,719,389
2759,50,213,126,287
2760,297,67,433,338
2760,514,199,719,389
2760,48,214,119,278
2761,295,70,435,338
2761,516,204,719,389
2761,50,214,122,282
2762,295,73,436,338
2762,513,208,719,392
2762,51,216,122,280
2763,294,77,438,338
2763,509,213,719,393
2763,55,218,123,281
2764,294,80,439,338
2764,511,215,719,395
2764,60,222,110,271
2764,40,257,86,297
2765,294,83,440,338
2765,49,214,96,259
2765,507,218,719,405
2765,24,248,89,299
2766,294,88,440,338
2766,57,221,97,258
2766,511,221,719,412
2766,26,249,90,299
2767,294,90,440,338
2767,50,215,95,257
2767,514,223,719,415
2767,23,248,94,301
2768,294,93,440,338
2768,49,215,80,241
2768,515,226,719,414
2768,21,244,93,301
2769,294,99,440,338
2769,513,228,719,414
2769,23,247,94,300
2770,294,101,440,338
2770,509,229,719,414
2770,23,246,93,301
2771,297,107,440,345
2771,513,230,719,414
2771,19,247,90,300
2772,298,110,444,359
2772,512,232,719,414
2772,20,247,91,300
2772,205,337,248,378
2773,298,121,454,370
2773,514,233,719,414
2773,20,245,89,300
2773,204,337,236,370
2774,300,123,462,380
2774,507,233,719,414
2774,16,243,85,299
2774,204,338,248,377
2775,297,129,470,388
2775,509,235,719,414
2775,20,249,84,300
2775,204,336,239,371
2776,301,134,475,394
2776,511,235,719,413
2776,22,248,85,299
2776,204,337,243,379
2777,305,140,477,400
2777,510,235,719,414
2777,19,262,84,300
2777,204,337,267,380
2778,310,145,477,402
2778,513,234,719,415
2778,38,268,75,300
2778,204,337,267,391
2779,315,152,482,406
2779,512,235,719,413
2779,204,337,267,392
2780,320,158,492,408
2780,513,236,719,413
2780,204,339,266,395
2781,326,164,504,408
2781,513,236,719,411
2781,204,338,266,397
2782,332,171,516,409
2782,519,236,719,411
2782,204,338,266,395
2783,337,177,528,409
2783,514,237,719,411
2783,204,337,267,396
2784,342,183,539,410
2784,552,235,719,411
2784,205,339,267,397
2785,345,190,550,412
2785,555,234,719,411
2785,204,338,266,394
2786,350,197,559,422
2786,526,233,719,414
2786,205,339,260,393
2787,355,204,568,424
2787,551,234,719,411
2787,205,340,255,387
2788,360,209,578,420
2788,553,233,719,411
2788,205,341,255,387
2789,365,214,586,421
2789,553,232,719,411
2789,205,341,253,387
2790,370,223,719,426
2791,374,228,719,436
2792,379,225,719,441
2793,384,221,719,450
2794,389,219,719,465
2795,393,215,719,478
2796,397,210,719,479
2797,401,205,719,479
2798,405,200,719,479
2799,486,72,512,100
2799,405,195,719,479
2800,406,189,719,479
2801,408,187,719,479
2802,410,183,719,479
2802,304,293,338,327
2803,327,182,355,210
2803,415,182,719,479
2804,420,179,719,479
2804,297,296,330,323
2805,88,0,116,26
2805,374,136,400,181
2805,429,179,719,479
2805,326,183,354,211
2805,42,211,79,244
2805,368,288,417,329
2805,294,291,337,329
2806,75,0,120,38
2806,383,138,416,177
2806,439,178,719,479
2806,342,179,368,209
2806,367,279,422,334
2806,295,289,337,328
2807,87,0,116,26
2807,450,178,719,479
2807,364,281,433,335
2807,295,293,337,329
2808,376,150,407,178
2808,322,178,368,231
2808,459,179,719,479
2808,338,248,382,286
2808,356,281,427,334
2808,286,291,342,334
2809,72,0,106,40
2809,374,134,409,162
2809,322,178,377,235
2809,463,180,719,479
2809,32,203,80,245
2809,369,237,397,264
2809,358,256,437,335
2809,287,288,342,334
2810,75,0,109,25
2810,375,135,411,161
2810,6,178,57,227
2810,326,178,376,233
2810,466,182,719,479
2810,340,237,379,272
2810,421,237,451,262
2810,356,258,432,336
2810,279,290,341,333
2811,372,135,419,176
2811,310,166,380,212
2811,468,184,719,479
2811,27,195,88,255
2811,318,212,453,334
2811,287,288,339,334
2812,372,135,414,175
2812,317,180,376,260
2812,517,186,719,407
2812,342,238,449,335
2812,292,289,342,335
2813,382,81,409,112
2813,369,137,407,182
2813,311,166,375,214
2813,0,174,87,252
2813,514,188,719,411
2813,343,236,379,292
2813,358,258,451,336
2813,276,285,338,337
2814,77,0,132,33
2814,104,113,130,143
2814,349,123,424,185
2814,311,164,452,337
2814,6,178,86,254
2814,232,183,263,208
2814,514,189,719,415
2814,269,282,340,337
2815,77,0,121,56
2815,389,39,415,73
2815,391,91,430,120
2815,311,120,458,336
2815,3,177,47,209
2815,515,196,719,418
2815,42,211,86,254
2815,269,282,344,337
2816,72,0,115,37
2816,375,121,412,163
2816,310,165,401,292
2816,0,174,34,202
2816,243,179,275,211
2816,509,200,719,420
2816,34,205,81,249
2816,353,262,452,335
2816,284,292,339,337
2817,73,0,115,27
2817,384,10,413,39
2817,370,82,430,179
2817,265,157,456,338
2817,1,174,84,252
2817,513,204,719,417
2818,72,0,120,41
2818,391,11,414,42
2818,311,95,428,234
2818,6,176,85,253
2818,514,207,719,418
2818,474,450,515,479
2819,392,139,423,178
2819,0,175,85,249
2819,324,176,389,233
2819,235,183,266,211
2819,515,211,719,418
2819,316,236,396,288
2819,475,451,516,479
2820,77,0,113,35
2820,386,0,424,39
2820,374,136,425,184
2820,266,166,456,349
2820,28,196,85,251
2820,512,216,719,417
2820,477,452,517,479
2821,388,10,421,42
2821,377,96,431,173
2821,327,177,398,248
2821,25,188,80,248
2821,513,220,719,417
2821,343,259,454,336
2821,266,281,343,337
2821,478,455,517,479
2822,381,137,411,164
2822,328,185,365,211
2822,51,217,83,250
2822,510,224,719,417
2822,339,248,376,285
2822,479,458,517,479
2823,385,7,420,66
2823,61,74,88,105
2823,384,121,417,177
2823,311,167,393,233
2823,7,178,33,207
2823,31,203,85,253
2823,511,229,719,417
2824,390,16,435,54
2824,376,92,427,126
2824,359,138,413,183
2824,327,182,377,212
2824,28,198,84,250
2824,513,232,719,417
2824,338,248,370,284
2824,279,255,447,349
2825,77,0,109,23
2825,388,22,415,51
2825,8,177,33,205
2825,327,182,375,213
2825,38,204,95,259
2825,509,237,719,417
2825,278,255,437,358
2826,384,5,420,43
2826,383,137,424,172
2826,323,178,378,212
2826,29,201,85,255
2826,503,242,719,417
2826,276,245,440,360
2827,77,0,111,23
2827,388,8,415,52
2827,401,95,428,125
2827,383,124,410,162
2827,328,183,369,212
2827,232,184,265,211
2827,498,247,719,420
2827,285,256,456,357
2827,342,262,376,287
2828,44,204,89,260
2828,524,253,719,423
2828,282,254,431,356
2829,328,181,375,231
2829,27,198,82,248
2829,336,251,369,282
2829,500,259,719,428
2829,283,261,453,361
2830,80,0,115,22
2830,377,137,407,177
2830,340,181,376,233
2830,48,216,83,266
2830,282,262,436,358
2830,497,265,719,445
2831,384,2,410,39
2831,390,89,429,115
2831,331,183,373,214
2831,33,205,87,259
2831,497,272,719,460
2832,390,9,424,50
2832,333,183,372,225
2832,28,196,86,259
2832,278,235,466,374
2832,499,278,719,473
2833,383,0,418,41
2833,9,177,87,250
2833,338,185,376,232
2833,502,283,719,479
2834,0,172,34,201
2834,343,184,383,214
2834,34,205,85,245
2834,359,255,450,336
2834,504,288,719,479
2834,295,293,353,355
2835,318,236,342,268
2835,508,295,719,479
2836,399,96,425,123
2836,43,212,87,256
2836,360,259,456,336
2836,286,288,340,336
2836,508,302,719,479
2837,367,260,444,330
2837,288,295,337,330
2837,508,308,719,479
2838,373,280,432,334
2838,295,288,338,331
2838,506,313,719,479
2839,366,280,435,336
2839,295,295,341,348
2839,507,321,719,479
2840,399,279,435,306
2840,290,294,336,327
2840,368,296,403,336
2840,505,329,719,479
2841,292,294,341,330
2841,365,295,425,334
2841,505,336,719,477
2842,290,294,337,328
2842,375,294,430,335
2842,505,344,719,477
2843,291,295,328,321
2843,506,351,719,479
2844,507,359,719,479
2859,514,448,558,479
2860,516,443,554,479
2861,527,451,557,477
2862,526,460,560,479
2909,528,420,568,451
2911,542,369,719,479
2911,475,402,524,470
2912,541,357,719,479
2912,470,387,527,461
2913,540,346,719,479
2913,469,386,556,449
2914,468,335,719,479
2915,519,326,719,479
2915,468,379,530,443
2916,470,316,719,479
2917,475,304,719,479
2918,474,294,719,471
2919,478,283,719,468
2920,478,273,719,455
2921,479,264,719,460
2922,479,256,719,456
2923,480,247,719,479
2924,479,239,719,470
2925,478,231,719,457
2926,478,222,719,452
2927,477,215,719,440
2928,475,208,719,440
2929,475,201,719,439
2930,472,196,719,439
2931,469,190,719,439
2932,469,184,719,438
2933,459,179,719,439
2934,460,173,719,439
2935,459,169,719,439
2936,458,164,719,439
2937,465,158,719,438
2938,489,151,719,370
2938,458,385,539,433
2939,461,145,719,427
2940,488,140,719,360
2940,511,368,541,419
2940,465,378,508,415
2941,485,135,719,359
2941,470,349,544,410
2942,479,130,719,402
2942,473,362,502,393
2943,463,126,719,393
2944,465,123,719,384
2945,500,123,719,346
2945,459,329,505,377
2946,465,110,719,367
2947,643,105,690,146
2947,471,111,719,359
2948,641,103,690,146
2948,466,131,719,357
2949,658,103,690,133
2949,678,131,719,175
2949,466,151,696,356
2950,658,103,690,133
2950,689,131,719,164
2950,467,150,695,356
2951,658,103,690,133
2951,469,148,692,356
2952,658,103,690,133
2952,467,142,692,356
2952,486,254,516,279
2953,658,83,694,133
2953,468,142,686,356
2953,487,251,516,276
2954,658,80,697,133
2954,519,140,683,282
2954,628,141,664,172
2954,485,250,514,275
2954,47,268,86,297
2954,465,276,581,356
2955,658,80,696,133
2955,608,138,682,247
2955,518,139,613,281
2955,51,270,85,298
2955,473,298,563,356
2956,658,82,693,133
2956,517,136,613,278
2956,612,136,678,240
2956,50,269,86,297
2956,472,286,564,355
2957,615,72,643,102
2957,658,105,686,132
2957,516,135,623,273
2957,623,157,675,226
2957,51,268,84,296
2957,471,289,562,356
2958,615,63,657,102
2958,611,126,673,221
2958,514,131,620,267
2958,54,270,85,296
2958,551,273,579,301
2958,470,294,557,356
2959,513,58,670,264
2959,531,132,561,160
2959,88,248,117,279
2959,473,266,578,356
2960,532,121,566,160
2960,622,144,669,188
2960,88,249,123,281
2960,545,255,581,300
2960,473,305,534,354
2961,581,50,658,141
2961,524,117,570,159
2961,511,134,609,254
2961,609,140,665,212
2961,87,247,122,280
2961,544,250,580,295
2961,472,302,547,353
2962,576,48,658,137
2962,521,115,570,164
2962,509,134,609,250
2962,605,137,663,211
2962,544,245,580,292
2962,88,250,121,282
2962,475,299,548,348
2963,571,44,658,135
2963,519,112,561,165
2963,508,134,609,248
2963,606,134,662,205
2963,543,244,579,288
2963,475,294,561,343
2964,508,43,655,238
2964,607,130,658,200
2964,482,244,576,338
2965,564,38,652,131
2965,508,105,608,239
2965,616,126,657,179
2965,485,246,574,332
2966,563,36,656,167
2966,488,103,608,323
2966,508,238,537,273
2967,561,33,655,164
2967,498,101,608,315
2967,507,235,539,274
2968,560,30,642,120
2968,506,98,560,219
2968,608,115,653,164
2968,507,135,608,306
2969,558,28,652,163
2969,506,97,560,218
2969,529,135,608,296
2969,499,231,542,303
2970,557,25,652,162
2970,507,95,560,215
2970,552,139,608,232
2970,499,230,542,303
2970,545,231,572,262
2971,557,23,638,112
2971,508,93,560,214
2971,609,107,652,155
2971,552,149,608,230
2971,499,229,542,303
2972,556,21,631,108
2972,509,92,561,208
2972,610,104,652,147
2972,553,149,608,229
2972,499,228,543,303
2973,555,20,631,105
2973,510,91,559,207
2973,609,103,651,160
2973,555,149,608,227
2973,499,226,544,303
2974,556,18,632,102
2974,511,89,559,189
2974,611,101,651,154
2974,549,149,608,235
2974,498,229,542,303
2975,556,16,632,99
2975,512,88,560,186
2975,612,98,652,144
2975,559,149,608,222
2975,498,227,544,303
2976,557,14,632,98
2976,513,86,560,185
2976,614,95,652,139
2976,551,149,608,228
2976,498,225,545,303
2977,559,11,633,97
2977,514,84,560,183
2977,616,93,653,136
2977,565,149,608,215
2977,498,225,543,303
2978,560,10,635,94
2978,518,83,561,157
2978,618,91,655,133
2978,568,149,608,201
2978,498,223,544,303
2979,563,7,643,92
2979,519,81,562,166
2979,624,91,656,131
2979,569,149,608,199
2979,499,222,543,302
2980,567,4,647,87
2980,519,78,563,166
2980,626,94,659,126
2980,576,149,608,194
2980,499,224,541,301
2981,570,0,660,115
2981,522,74,564,131
2981,578,149,608,187
2981,498,230,537,300
2982,573,0,657,116
2982,524,70,565,128
2982,522,129,559,157
2982,578,149,607,182
2982,486,225,537,299
2983,578,0,660,101
2983,525,69,566,125
2983,522,129,559,157
2983,579,150,605,181
2983,499,232,535,297
2984,580,0,664,101
2984,527,69,566,123
2984,523,128,550,157
2984,579,150,605,180
2984,499,230,534,294
2985,584,0,667,101
2985,529,69,566,121
2985,580,152,605,180
2985,489,229,534,291
2986,586,0,669,101
2986,531,67,566,118
2986,501,227,534,288
2987,589,0,671,101
2987,532,65,567,116
2987,526,118,554,153
2987,485,225,534,285
2988,590,0,673,101
2988,533,64,567,114
2988,492,222,536,281
2989,591,0,674,101
2989,534,62,567,112
2989,513,143,552,174
2989,488,234,537,277
2990,592,0,674,101
2990,534,60,568,111
2990,513,140,558,175
2990,486,239,537,273
2991,592,0,675,101
2991,534,59,568,109
2991,513,114,559,175
2991,487,226,511,258
2992,593,0,674,101
2992,534,57,569,108
2992,513,116,561,175
2992,505,238,534,263
2993,581,0,674,100
2993,534,56,569,107
2993,513,115,562,175
2994,580,0,673,100
2994,534,55,569,106
2994,513,111,563,174
2995,580,0,672,100
2995,533,53,569,105
2995,513,109,562,174
2996,580,0,671,97
2996,533,51,569,105
2996,512,106,564,174
2997,580,0,668,97
2997,511,49,570,173
2998,580,0,667,97
2998,507,47,569,174
2999,580,0,664,97
2999,506,45,569,174
3000,580,0,661,96
3000,505,37,573,173
3001,580,0,659,96
3001,504,36,573,174
3002,578,0,657,96
3002,502,31,579,182
3003,576,0,652,66
3003,502,30,585,180
3003,619,48,656,96
3004,574,0,648,64
3004,501,28,585,179
3004,620,50,654,94
3005,499,0,644,176
3005,624,55,649,84
3006,498,0,639,175
3007,497,0,633,174
3007,548,179,573,207
3008,496,0,628,175
3009,494,0,629,173
3010,493,0,630,173
3010,529,199,562,247
3011,492,0,621,172
3011,529,192,562,243
3012,492,0,621,172
3012,528,198,560,238
3013,491,0,622,172
3013,526,195,560,235
3014,491,0,622,170
3014,525,207,554,232
3015,491,0,621,170
3016,491,0,621,173
3017,491,0,621,170
3018,490,0,620,169
3019,492,0,620,182
3020,492,0,620,181
3021,493,0,621,181
3022,490,0,621,182
3023,492,0,622,182
3024,492,0,622,181
3025,492,0,623,182
3026,492,0,624,182
3027,492,0,624,181
3028,492,0,627,180
3029,494,0,628,179
3030,494,0,630,172
3031,495,0,631,173
3032,495,0,633,173
3033,496,0,636,173
3034,497,0,638,172
3035,568,0,639,51
3035,499,17,582,173
3036,567,0,641,51
3036,500,19,579,172
3037,574,0,642,51
3037,519,21,576,115
3037,503,107,580,173
3038,572,0,643,51
3038,522,34,559,104
3038,505,107,582,174
3039,573,0,642,60
3039,526,38,558,83
3039,506,107,586,174
3040,574,0,645,61
3040,528,41,558,79
3040,509,107,588,173
3041,577,0,646,61
3041,512,107,588,176
3042,577,0,645,62
3042,514,106,590,177
3043,579,0,645,63
3043,521,105,603,175
3044,580,0,646,64
3044,524,104,605,175
3045,582,0,648,63
3045,533,103,608,174
3045,503,188,529,215
3046,582,0,651,63
3046,538,103,607,171
3046,508,193,535,220
3047,583,0,653,84
3047,540,101,612,169
3047,514,199,566,231
3048,584,0,655,93
3048,540,101,613,170
3048,520,202,570,237
3049,585,0,658,98
3049,540,101,614,170
3049,524,203,572,242
3050,586,0,660,95
3050,540,102,615,171
3050,528,204,573,246
3051,587,0,662,95
3051,539,104,614,183
3051,531,207,575,251
3052,588,0,664,95
3052,539,106,614,174
3052,534,210,576,255
3053,588,0,666,95
3053,539,107,614,176
3053,536,222,568,255
3054,589,0,668,94
3054,539,109,616,177
3054,536,224,568,254
3055,589,0,669,93
3055,539,111,618,178
3055,536,225,568,255
3056,590,0,670,93
3056,542,113,619,180
3056,536,225,568,254
3057,588,0,670,93
3057,542,115,621,183
3057,536,225,569,255
3058,590,0,671,93
3058,541,118,622,182
3058,536,225,568,255
3059,592,0,672,93
3059,561,75,588,107
3059,541,121,624,184
3059,536,225,569,255
3060,593,0,676,91
3060,561,79,589,110
3060,540,122,625,184
3060,536,225,568,255
3061,598,0,682,97
3061,562,82,590,113
3061,538,122,588,184
3061,592,147,626,177
3061,536,225,568,255
3062,600,0,683,98
3062,563,84,590,116
3062,535,120,587,171
3062,597,149,627,179
3062,536,225,568,255
3063,600,0,683,98
3063,563,87,590,116
3063,533,121,585,173
3063,601,152,628,179
3063,536,225,568,255
3064,600,2,680,88
3064,531,123,582,174
3064,536,226,568,255
3065,599,5,681,88
3065,531,124,581,173
3065,536,226,568,255
3066,600,7,681,88
3066,654,84,687,127
3066,531,125,574,173
3066,536,226,568,255
3067,600,10,681,90
3067,654,84,687,127
3067,532,125,573,174
3067,536,226,568,255
3068,600,12,682,93
3068,654,85,686,128
3068,533,126,572,174
3068,520,214,567,254
3069,599,15,682,96
3069,654,85,685,129
3069,532,129,571,173
3069,517,220,568,254
3070,599,18,682,99
3070,534,133,570,172
3071,598,21,681,100
3071,535,136,567,171
3071,490,223,517,252
3072,593,23,680,103
3072,535,137,563,168
3072,579,153,605,181
3072,538,228,568,254
3072,486,230,515,264
3073,590,26,678,105
3073,534,140,561,167
3073,579,153,605,183
3073,540,228,568,254
3073,482,237,513,272
3074,588,30,675,107
3074,579,153,605,184
3074,538,228,568,254
3074,479,242,511,278
3075,585,34,672,109
3075,578,153,607,188
3075,537,227,567,254
3075,479,246,509,282
3076,582,37,666,111
3076,579,156,607,190
3076,538,228,567,254
3076,477,249,511,285
3077,626,40,661,85
3077,579,59,635,111
3077,550,124,579,151
3077,579,156,607,192
3077,538,228,567,254
3077,477,250,508,287
3078,626,40,659,85
3078,576,61,632,112
3078,526,92,577,153
3078,579,156,607,194
3078,536,227,567,254
3078,476,251,508,286
3079,626,46,656,84
3079,571,61,629,111
3079,522,93,590,156
3079,576,156,607,197
3079,536,228,566,255
3079,477,251,508,280
3080,626,50,655,84
3080,569,63,625,110
3080,519,93,569,157
3080,576,156,607,198
3080,537,229,566,255
3080,477,251,508,280
3081,626,56,650,85
3081,567,67,621,111
3081,516,90,568,158
3081,576,156,607,199
3081,477,252,508,280
3082,563,68,618,110
3082,513,79,564,166
3082,574,143,607,200
3082,476,251,508,280
3083,510,69,561,167
3083,561,69,613,111
3083,569,156,607,227
3083,477,251,508,280
3084,507,69,557,175
3084,558,71,608,112
3084,567,156,607,232
3084,476,251,508,280
3085,504,68,607,176
3085,565,157,607,233
3085,525,173,554,198
3085,477,251,508,280
3086,501,71,603,200
3086,564,157,607,235
3086,476,251,508,280
3087,499,71,597,203
3087,563,157,607,235
3087,477,252,507,280
3088,498,74,592,204
3088,620,108,643,138
3088,562,165,607,236
3088,476,251,507,280
3089,496,56,589,206
3089,616,108,641,138
3089,561,169,604,248
3089,476,252,506,279
3090,493,53,587,209
3090,616,110,640,139
3090,560,169,604,250
3091,491,49,557,211
3091,549,93,585,122
3091,559,174,601,251
3091,476,251,556,297
3092,490,48,585,211
3092,558,174,601,252
3092,476,249,559,302
3093,488,49,581,214
3093,557,174,601,253
3093,476,250,559,310
3094,487,49,557,216
3094,556,173,602,253
3094,476,251,507,280
3094,492,252,558,326
3094,96,256,124,282
3095,487,52,575,218
3095,555,172,604,253
3095,476,251,507,280
3095,529,254,557,281
3095,95,255,123,281
3095,483,281,535,333
3096,485,54,574,220
3096,554,172,605,252
3096,89,249,121,280
3096,476,251,507,280
3096,529,256,556,283
3096,476,291,529,338
3097,484,57,573,222
3097,553,172,605,253
3097,477,252,506,280
3097,469,303,522,342
3098,484,59,605,253
3098,476,251,506,280
3098,462,300,517,344
3099,482,62,605,232
3099,88,247,119,281
3099,476,252,506,280
3099,458,309,511,345
3100,481,64,605,235
3100,476,251,506,280
3100,458,298,523,343
3101,480,67,605,240
3101,476,252,506,280
3101,458,309,509,342
3102,479,70,605,260
3102,479,309,509,339
3103,478,73,605,264
3103,57,271,86,297
3103,479,309,509,339
3104,477,76,605,268
3104,55,269,86,298
3104,478,309,509,339
3105,476,79,605,270
3105,56,268,89,300
3105,479,310,509,337
3106,476,84,605,273
3106,44,263,84,296
3106,478,309,509,339
3107,475,90,605,273
3107,55,268,89,300
3107,479,310,509,338
3108,475,97,629,261
3108,43,260,84,296
3108,480,310,509,337
3109,474,106,604,263
3109,479,310,509,338
3110,474,114,604,264
3110,54,266,89,299
3110,479,310,509,338
3111,473,114,627,265
3111,43,264,82,296
3111,479,310,509,338
3112,473,126,625,266
3112,43,264,84,297
3112,479,310,509,337
3113,472,124,604,266
3113,46,265,84,297
3113,479,310,509,337
3114,472,125,622,267
3114,45,264,84,296
3114,479,310,509,337
3115,472,126,603,268
3115,46,264,84,296
3115,479,310,509,340
3116,472,128,603,270
3116,53,266,84,296
3116,479,310,510,339
3117,472,129,617,272
3117,49,266,84,297
3117,479,310,509,339
3118,472,130,618,272
3118,50,266,84,297
3118,479,310,509,339
3119,471,131,603,274
3119,51,265,84,296
3120,472,132,618,275
3120,48,266,88,300
3121,472,133,619,276
3121,49,266,84,297
3122,472,135,620,277
3122,45,264,91,300
3123,472,137,620,278
3123,48,267,85,298
3124,472,138,620,279
3124,44,266,85,298
3124,465,296,503,333
3125,472,140,619,279
3125,49,267,86,299
3125,463,296,503,333
3126,472,139,618,279
3126,47,267,86,298
3126,460,296,503,333
3127,472,139,617,280
3127,46,265,88,299
3127,455,296,503,337
3128,471,138,616,280
3128,45,264,87,297
3128,454,295,503,341
3129,470,139,614,282
3129,46,264,85,298
3129,451,293,503,342
3130,469,138,613,282
3130,45,264,89,299
3130,443,273,509,342
3131,468,138,612,283
3131,44,264,92,301
3131,436,278,506,342
3132,466,138,609,284
3132,49,271,92,300
3132,428,285,506,342
3133,464,138,595,285
3133,48,266,86,298
3133,422,291,509,342
3134,462,138,594,285
3134,46,265,85,299
3135,459,138,592,285
3135,46,268,83,298
3136,457,137,592,289
3136,47,265,82,298
3137,454,132,592,290
3137,46,265,82,297
3138,451,130,590,292
3138,53,269,86,297
3139,447,127,587,294
3139,46,266,83,296
3140,443,124,586,295
3140,45,265,81,296
3140,411,300,483,343
3141,439,119,583,316
3141,46,265,86,298
3141,411,300,483,343
3142,435,115,579,320
3142,44,262,83,297
3142,411,300,482,343
3143,431,111,573,324
3143,46,265,83,296
3143,411,300,482,344
3144,427,109,569,327
3144,44,263,85,296
3144,411,300,482,345
3145,422,106,559,328
3145,44,264,85,297
3145,411,300,482,346
3146,418,104,547,331
3146,43,264,84,297
3146,411,300,481,346
3147,414,102,546,333
3147,40,264,84,296
3147,412,300,480,347
3148,410,100,544,346
3148,44,262,84,296
3149,408,99,540,348
3149,42,261,89,300
3150,406,97,538,293
3150,42,263,89,300
3150,415,290,517,352
3151,404,97,538,293
3151,41,264,90,300
3151,415,295,512,357
3152,401,95,537,361
3152,38,259,89,300
3153,399,95,534,363
3153,38,257,84,296
3154,398,94,531,365
3154,45,263,84,296
3155,396,94,528,366
3155,38,257,83,296
3156,396,92,526,366
3156,39,258,83,297
3157,395,91,524,366
3157,41,260,84,297
3158,394,89,522,366
3158,38,258,84,296
3159,393,88,520,366
3159,44,263,86,300
3160,391,85,519,366
3160,46,263,83,296
3161,390,84,518,367
3161,41,259,83,295
3162,389,82,517,367
3162,46,264,84,296
3163,387,80,516,366
3163,47,265,79,296
3164,386,79,516,366
3164,48,264,77,292
3165,386,77,515,366
3166,384,76,514,367
3167,382,74,513,367
3168,380,73,512,367
3169,379,72,511,367
3170,377,70,509,367
3171,376,70,507,367
3172,375,69,505,369
3173,374,68,503,370
3174,374,67,500,372
3175,373,66,498,373
3176,371,66,498,361
3176,387,346,414,374
3177,369,66,497,354
3178,367,66,497,344
3179,365,66,496,323
3179,413,316,443,345
3180,363,67,495,323
3180,416,319,447,358
3181,361,68,494,323
3182,359,69,492,323
3183,357,70,491,323
3184,354,72,489,322
3185,352,73,488,323
3186,350,74,486,360
3187,349,76,485,322
3187,411,316,445,361
3188,347,78,483,329
3188,410,323,440,361
3189,343,82,482,322
3190,339,85,481,319
3191,335,89,480,330
3192,334,93,479,329
3193,334,98,478,309
3193,411,323,440,363
3194,334,100,478,309
3194,435,304,461,332
3195,334,101,477,332
3195,417,334,441,363
3196,333,103,477,332
3197,331,104,476,332
3198,331,107,475,332
3199,329,109,476,311
3200,328,111,476,311
3201,328,115,476,327
3202,329,117,476,327
3202,419,346,447,373
3203,329,123,476,327
3203,420,349,449,379
3204,329,127,476,326
3204,420,340,452,385
3205,329,132,478,394
3206,329,139,479,399
3207,329,143,481,403
3208,333,151,484,330
3208,419,330,460,411
3209,337,158,486,319
3209,427,336,461,415
3210,343,163,487,323
3210,427,360,461,419
3211,342,168,490,327
3211,428,364,461,424
3212,343,175,491,333
3212,428,368,453,396
3212,436,395,462,426
3213,343,181,492,340
3213,427,372,453,401
3213,438,399,462,429
3214,345,188,491,346
3214,427,374,462,432
3215,346,193,494,372
3215,426,380,463,434
3216,346,203,495,379
3216,428,384,463,435
3217,346,211,495,386
3217,430,388,457,417
3218,345,220,496,393
3218,375,416,403,441
3219,343,229,497,420
3219,373,417,403,444
3220,341,233,498,431
3220,373,418,405,451
3221,340,239,499,408
3221,376,419,406,451
3222,338,243,500,411
3222,376,420,406,451
3223,338,250,502,414
3224,338,252,503,420
3224,374,420,406,451
3225,338,256,504,422
3225,373,421,406,451
3226,338,259,504,437
3226,375,422,406,451
3227,339,262,505,434
3228,339,265,505,451
3229,339,268,506,436
3230,339,269,506,438
3231,338,274,506,451
3232,337,272,506,450
3233,335,275,505,449
3234,333,278,505,450
3235,330,279,505,446
3236,328,279,505,445
3237,326,279,505,450
3238,325,280,505,442
3239,325,280,505,451
3240,324,274,505,442
3241,324,273,505,440
3242,325,270,505,438
3243,325,268,506,444
3244,326,268,507,434
3245,328,268,507,431
3246,329,267,507,423
3247,331,264,508,419
3248,333,250,508,426
3249,337,246,509,425
3250,341,238,510,424
3251,345,227,510,421
3252,349,215,511,397
3252,430,388,464,431
3253,353,204,510,391
3253,428,384,463,433
3254,357,192,511,385
3254,425,381,463,434
3255,359,184,510,371
3255,421,379,462,433
3256,359,172,510,366
3256,416,374,461,432
3257,359,161,510,360
3257,415,372,460,428
3258,360,151,509,355
3258,411,370,458,425
3259,360,143,517,420
3260,360,135,519,414
3261,359,129,518,340
3261,405,341,449,408
3262,359,123,517,337
3262,402,344,443,401
3263,359,118,516,333
3263,401,342,439,392
3264,359,112,517,329
3264,405,340,442,382
3265,358,109,516,324
3265,404,340,435,376
3266,357,105,515,320
3266,391,338,434,375
3267,356,101,515,316
3267,407,343,434,375
3268,355,98,514,307
3268,406,343,434,375
3269,353,95,513,326
3269,437,311,461,342
3270,351,92,510,299
3270,435,304,460,339
3270,405,342,434,375
3271,348,89,505,301
3271,432,300,459,337
3272,346,86,503,335
3272,403,339,453,373
3273,345,83,499,332
3273,404,339,453,373
3274,342,80,494,330
3274,401,337,453,372
3275,335,77,489,326
3275,403,336,453,371
3276,331,73,485,368
3276,379,278,407,309
3277,328,69,480,364
3277,378,276,406,310
3278,328,65,476,357
3278,379,276,406,310
3279,328,62,472,349
3279,90,248,129,288
3279,379,276,406,309
3280,328,58,468,341
3280,90,248,129,289
3280,381,277,406,310
3281,328,55,465,335
3281,90,248,129,288
3282,328,51,462,328
3282,90,248,129,289
3283,329,47,460,320
3283,99,259,130,290
3284,328,43,457,312
3285,325,40,455,304
3285,99,259,132,289
3286,322,37,453,308
3287,318,34,452,309
3288,317,31,451,309
3289,316,28,447,309
3290,315,24,446,218
3290,364,220,406,309
3291,316,22,448,215
3291,364,218,406,309
3292,317,18,448,212
3292,363,217,406,309
3293,320,15,449,208
3293,364,214,406,308
3294,323,12,450,202
3294,364,210,406,308
3295,327,9,451,200
3295,363,208,406,308
3296,328,5,453,195
3296,362,204,406,307
3297,328,1,454,189
3297,362,216,406,306
3298,328,0,456,185
3298,361,213,406,304
3299,329,0,457,181
3299,359,209,406,301
3300,329,0,458,173
3300,357,207,407,296
3301,330,0,459,164
3301,357,209,407,290
3302,335,0,460,162
3302,356,203,407,284
3303,335,0,460,156
3303,357,197,407,278
3304,335,0,460,156
3304,353,195,406,272
3305,334,0,460,156
3305,354,197,416,266
3306,334,0,459,156
3306,367,206,403,259
3307,334,0,458,156
3307,373,216,416,252
3308,334,0,458,155
3308,372,216,416,244
3309,333,0,456,153
3310,332,0,455,151
3311,330,0,453,149
3312,325,0,451,147
3313,325,0,449,146
3314,322,0,446,145
3315,320,0,444,135
3316,319,0,442,145
3317,317,0,439,135
3318,313,0,437,135
3319,311,0,435,135
3319,387,205,416,231
3320,309,0,433,136
3320,387,198,415,224
3321,307,0,431,135
3322,306,0,430,136
3322,373,127,402,159
3323,305,0,428,162
3324,303,0,427,161
3325,303,0,425,160
3326,302,0,424,157
3327,302,0,422,155
3328,302,0,421,152
3329,302,0,420,153
3330,303,0,419,136
3330,370,119,396,153
3331,304,0,418,105
3331,329,109,396,153
3332,304,0,417,105
3332,331,110,396,152
3333,305,0,416,104
3333,334,111,397,152
3334,306,0,415,102
3334,334,110,397,151
3335,307,0,415,97
3335,335,110,398,152
3336,308,0,414,85
3336,334,111,399,151
3337,309,0,414,84
3337,338,111,399,151
3338,310,0,413,84
3338,336,110,399,161
3339,311,0,414,84
3339,336,110,399,162
3340,311,0,413,84
3340,338,109,399,162
3341,311,0,413,84
3341,102,62,131,91
3341,345,110,399,162
3342,311,0,413,84
3342,345,110,399,161
3343,311,0,412,84
3343,103,63,131,92
3343,343,110,399,161
3344,311,0,412,84
3344,106,60,133,91
3344,345,110,399,161
3345,311,0,412,84
3345,105,58,136,91
3345,346,111,399,161
3346,310,0,411,84
3346,104,59,133,90
3346,345,111,399,161
3347,310,0,411,84
3347,103,54,140,92
3347,345,111,399,160
3348,309,0,410,84
3348,104,58,140,92
3348,344,111,399,161
3349,309,0,410,84
3349,102,55,139,91
3349,345,111,399,161
3350,309,0,410,83
3350,102,51,141,92
3350,344,111,399,161
3351,308,0,410,83
3351,104,56,133,91
3351,345,112,399,161
3352,308,0,409,83
3352,103,51,138,92
3352,345,112,399,160
3353,308,0,409,83
3353,102,52,136,91
3353,345,112,399,160
3354,308,0,409,83
3354,106,57,136,89
3354,345,112,399,160
3355,308,0,409,83
3355,104,54,134,90
3355,343,112,399,160
3356,308,0,409,83
3356,102,51,134,91
3356,345,112,399,161
3357,308,0,409,82
3357,103,50,141,90
3357,344,112,399,160
3358,308,0,409,82
3358,106,57,136,89
3358,344,112,399,160
3359,308,0,409,81
3359,103,50,136,92
3359,343,111,399,160
3360,308,0,409,81
3360,105,51,140,90
3360,344,112,399,160
3361,308,0,409,81
3361,104,47,141,92
3361,345,112,399,160
3362,308,0,410,81
3362,103,50,143,92
3362,342,111,399,160
3363,308,0,410,81
3363,104,56,141,92
3363,346,112,399,160
3364,308,0,410,81
3364,104,56,137,92
3364,345,112,399,160
3365,308,0,410,81
3365,103,55,136,93
3365,348,112,399,160
3366,308,0,410,71
3366,103,57,136,92
3366,344,112,399,160
3367,308,0,410,71
3367,104,57,136,92
3367,343,112,399,160
3368,307,0,410,71
3368,104,57,139,91
3368,340,111,399,160
3369,306,0,411,71
3369,103,58,134,92
3369,337,109,399,161
3370,306,0,412,71
3370,103,60,132,92
3370,336,110,400,161
3371,306,0,413,71
3371,103,64,130,92
3371,336,110,400,162
3372,305,0,413,71
3372,334,110,400,168
3373,305,0,415,83
3373,334,111,400,161
3374,305,0,417,84
3374,332,111,400,174
3375,305,0,419,86
3375,333,111,400,156
3376,305,0,421,91
3376,333,111,400,162
3377,306,0,422,99
3378,306,0,423,102
3379,305,0,424,104
3380,305,0,425,107
3381,305,0,425,109
3382,305,0,427,136
3383,305,0,428,136
3384,307,0,430,136
3385,308,0,431,136
3386,310,0,432,136
3387,313,0,435,136
3388,316,0,437,136
3388,412,166,437,198
3389,319,0,440,136
3389,417,172,445,205
3390,323,0,443,136
3390,423,177,453,209
3391,327,0,446,136
3391,426,181,461,214
3392,330,0,450,136
3392,428,186,467,218
3393,333,0,454,136
3393,429,190,469,222
3394,337,0,457,136
3394,427,193,468,225
3395,343,0,462,136
3395,432,194,459,221
3396,349,0,467,136
3396,432,195,459,221
3397,355,0,473,136
3397,432,195,459,221
3398,362,0,479,137
3398,432,195,459,221
3399,369,0,484,138
