frame_index,x1,y1,x2,y2
1,0,0,719,476
1,6,248,387,479
1,392,256,424,290
1,578,341,617,378
1,523,382,576,424
1,590,457,620,479
2,548,8,582,38
2,589,20,618,46
2,120,105,222,306
2,496,166,537,192
2,411,179,531,260
2,339,204,410,250
2,233,231,264,262
2,201,262,380,389
2,401,269,441,310
2,613,335,675,392
2,481,351,513,384
2,228,387,335,479
2,628,387,719,473
2,554,423,604,475
2,398,442,435,479
3,664,147,705,172
3,27,160,58,199
3,645,225,691,255
3,74,252,116,312
3,484,253,513,282
3,194,263,383,479
3,648,336,676,366
3,625,372,719,461
4,343,144,527,250
4,660,224,693,253
4,255,263,387,391
4,209,288,259,362
4,189,357,220,388
4,624,370,713,422
4,227,402,345,479
4,681,414,719,466
5,382,158,418,191
5,253,189,282,214
5,259,260,314,333
5,226,302,263,332
5,305,317,388,385
5,188,358,218,383
5,659,384,704,422
5,212,398,344,479
5,692,426,719,465
6,348,134,459,197
6,664,145,706,171
6,648,224,692,256
6,189,263,390,415
6,648,334,677,366
6,622,372,719,461
6,225,401,349,479
7,354,137,459,198
7,649,223,694,273
7,190,262,393,479
7,665,309,719,364
7,648,335,678,366
7,618,370,719,461
7,211,388,239,416
8,385,162,419,196
8,435,186,480,235
8,643,191,688,216
8,456,235,491,260
8,228,236,254,269
8,493,236,527,263
8,190,272,393,479
8,647,365,704,423
9,21,147,52,185
9,647,224,694,271
9,226,249,260,274
9,193,263,399,479
9,648,334,678,365
9,675,414,719,464
10,343,133,500,235
10,647,224,691,253
10,482,249,511,277
10,189,262,402,479
10,648,336,676,362
10,631,371,713,418
10,675,414,719,469
11,643,192,673,217
11,190,262,403,479
11,657,384,704,424
12,660,225,692,252
12,190,261,409,479
12,680,427,719,456
13,248,183,280,206
13,646,225,691,257
13,189,252,413,479
13,483,253,513,282
13,107,315,134,346
13,648,336,676,369
13,611,371,719,471
14,503,0,719,141
14,394,171,459,209
14,58,175,92,198
14,248,189,282,214
14,642,189,688,216
14,359,209,409,239
14,190,263,416,479
14,691,424,719,465
15,24,155,51,183
15,452,194,499,223
15,644,225,688,250
15,202,261,423,479
15,655,370,694,410
15,617,375,654,404
15,675,429,718,458
16,345,0,407,39
16,339,127,529,251
16,645,225,691,254
16,582,248,613,277
16,190,263,430,479
16,648,336,675,365
16,613,371,712,432
16,150,397,195,462
16,676,429,719,460
17,450,193,498,221
17,644,225,688,250
17,190,262,435,479
17,656,373,710,431
17,610,375,654,404
17,675,427,719,457
18,360,0,402,25
18,391,90,430,115
18,56,103,230,304
18,376,151,422,193
18,428,181,531,262
18,252,188,282,214
18,202,258,440,479
18,646,262,671,308
18,609,359,709,421
18,674,420,719,468
19,0,0,719,479
19,648,227,693,280
19,188,255,451,479
19,614,371,719,472
19,523,382,555,419
20,393,154,439,199
20,189,261,452,479
21,606,0,711,169
21,425,48,488,115
21,469,54,506,89
21,66,108,215,309
21,323,110,366,134
21,472,170,514,197
21,434,187,480,233
21,640,188,686,237
21,251,190,281,213
21,360,209,408,239
21,202,259,455,479
21,647,259,671,294
21,651,357,675,388
21,658,395,704,421
21,692,424,719,465
22,24,155,58,199
22,434,165,458,194
22,645,225,692,254
22,579,247,645,302
22,190,263,463,479
22,645,296,684,331
22,648,337,675,366
22,613,372,719,467
23,360,142,439,198
23,187,261,467,479
23,656,389,687,424
24,372,144,433,216
24,642,192,672,217
24,436,193,478,234
24,187,260,437,479
24,647,270,671,314
24,439,326,471,356
24,652,368,692,394
24,657,391,704,423
25,643,191,687,217
25,438,205,479,234
25,191,259,431,479
25,445,333,477,366
26,339,127,530,253
26,26,158,58,199
26,644,224,690,255
26,484,253,512,281
26,190,262,424,479
26,117,335,155,386
26,648,337,675,366
26,452,352,483,382
26,624,371,719,468
26,147,393,210,479
27,21,148,59,200
27,440,177,494,233
27,640,201,666,247
27,190,261,412,479
27,123,347,155,386
27,455,360,488,390
27,649,371,693,423
27,609,377,642,402
27,144,386,171,418
27,159,415,210,479
27,683,427,715,453
28,26,158,58,198
28,441,194,480,233
28,190,261,449,479
28,462,372,493,405
28,659,392,703,422
29,559,0,585,25
29,341,134,444,228
29,451,194,528,250
29,644,224,688,251
29,189,262,464,479
29,494,364,530,397
29,651,370,716,457
29,610,379,645,403
30,372,151,423,196
30,625,191,686,263
30,437,206,479,234
30,186,260,480,479
30,520,265,553,304
30,658,389,704,423
31,360,141,442,220
31,440,194,525,276
31,643,224,687,249
31,189,261,477,479
31,653,369,719,465
31,609,378,645,402
32,363,142,399,176
32,433,186,479,235
32,641,190,687,237
32,426,248,456,277
32,187,258,439,479
32,624,370,650,404
32,657,395,704,423
33,375,140,457,197
33,22,152,50,184
33,644,225,689,253
33,190,253,431,479
33,648,337,674,364
33,612,371,719,466
34,640,200,673,252
34,342,203,370,229
34,188,247,413,479
34,645,335,675,365
34,649,370,709,425
34,673,428,716,455
35,640,192,686,223
35,456,211,502,241
35,190,243,406,479
35,656,391,705,423
36,558,0,586,27
36,340,137,529,251
36,643,223,688,252
36,190,240,401,479
36,578,246,614,279
36,615,274,646,303
36,647,336,672,364
36,609,371,719,459
36,396,455,429,479
37,560,0,589,35
37,362,143,440,220
37,440,194,527,249
37,643,223,687,250
37,189,226,401,479
37,651,369,710,423
37,674,428,719,465
38,471,170,516,198
38,640,172,686,239
38,696,176,719,267
38,429,182,531,264
38,341,187,433,239
38,250,189,282,213
38,211,230,267,267
38,644,244,672,311
38,184,245,395,479
38,650,357,675,388
38,609,367,707,423
38,673,421,719,468
39,0,0,719,479
39,646,226,692,258
39,648,335,677,370
39,676,415,719,462
40,0,0,719,479
40,366,2,405,34
40,376,141,439,217
40,591,253,625,284
41,0,0,495,479
41,525,2,719,268
41,648,339,676,364
41,618,376,653,405
41,144,385,170,416
41,159,415,201,477
41,683,430,716,455
42,641,222,687,261
42,190,262,395,479
42,646,336,673,363
42,674,414,713,457
43,632,225,688,269
43,580,247,611,276
43,190,248,393,479
43,647,336,673,364
43,609,371,719,459
44,381,157,434,215
44,435,187,479,235
44,477,218,502,259
44,630,229,673,265
44,192,259,385,479
44,651,367,704,424
45,436,193,526,250
45,629,223,672,268
45,190,262,383,479
45,609,372,706,426
45,674,426,719,457
46,0,0,426,312
46,632,226,671,268
46,202,261,383,479
47,482,253,514,283
47,189,254,383,479
47,648,336,675,370
47,612,372,719,462
48,401,174,436,216
48,438,192,479,234
48,630,228,673,264
48,190,258,382,479
49,348,133,442,222
49,441,194,528,250
49,630,224,695,268
49,190,261,383,479
49,654,370,719,465
49,610,376,653,403
50,343,0,391,29
50,340,141,529,251
50,631,223,689,268
50,579,246,643,300
50,190,262,383,479
50,107,315,161,397
50,647,336,674,364
50,611,371,719,466
50,148,395,211,479
51,0,0,512,308
51,456,0,719,309
51,340,151,532,262
51,249,170,281,214
51,201,261,383,479
51,645,317,668,349
51,608,349,675,395
51,637,387,719,476
52,578,53,609,84
52,414,166,570,254
52,340,199,392,231
52,634,225,693,270
52,201,261,383,479
52,110,322,139,358
52,648,335,677,371
52,679,426,719,463
52,346,427,376,472
52,172,440,202,478
53,0,0,719,479
53,692,0,719,32
53,247,187,282,216
53,639,224,691,278
53,189,253,383,479
53,479,256,519,290
53,519,384,555,419
54,135,4,173,29
54,352,163,398,189
54,339,203,411,253
54,584,338,675,391
54,483,354,517,385
54,519,356,544,385
54,350,398,383,446
54,559,431,604,474
54,656,431,719,473
54,395,437,435,479
55,0,0,719,479
55,632,224,700,275
55,521,292,560,328
55,578,342,616,377
55,514,383,586,452
55,589,457,620,479
56,691,10,719,37
56,407,186,480,235
56,254,190,282,214
56,190,261,383,479
56,347,394,388,439
56,674,429,719,469
57,0,0,719,479
57,353,141,427,241
57,430,173,532,268
57,248,189,283,214
57,607,366,645,400
57,338,394,383,438
57,691,440,719,466
57,393,448,423,479
58,434,0,719,216
58,582,59,608,87
58,420,166,578,255
58,246,186,283,211
58,639,222,707,265
58,197,259,384,479
58,109,320,139,356
58,648,335,678,371
58,339,390,387,449
58,155,406,211,479
58,679,428,719,463
59,0,0,719,479
59,247,185,285,212
59,648,337,675,374
59,611,371,719,464
59,519,382,556,421
60,606,0,719,249
60,448,85,473,113
60,73,98,222,324
60,559,115,609,155
60,55,174,85,198
60,248,174,285,215
60,189,259,383,479
60,684,422,719,467
61,0,0,719,479
61,483,249,512,282
61,647,336,672,365
61,608,371,719,459
61,395,455,429,479
62,0,0,719,479
62,342,135,443,227
62,250,192,283,218
62,450,193,528,249
62,611,369,719,457
63,0,0,719,479
63,246,189,283,220
63,608,321,675,399
63,640,388,719,468
64,435,166,458,196
64,577,245,651,306
64,150,252,383,479
64,658,307,719,366
64,107,314,132,343
64,648,335,676,369
64,123,345,154,383
64,343,386,370,414
64,678,415,719,461
65,0,0,719,479
65,481,251,512,282
65,648,337,672,368
65,611,371,719,460
66,535,0,719,251
66,562,0,595,51
66,24,150,64,173
66,431,186,481,234
66,249,189,283,214
66,104,258,382,479
66,646,267,671,312
66,674,423,719,468
67,560,0,589,35
67,254,191,281,217
67,103,262,384,479
67,647,335,673,362
67,653,370,714,438
67,609,375,652,403
67,674,434,719,464
68,22,153,59,199
68,59,154,93,180
68,454,194,497,220
68,152,262,383,479
68,653,368,713,437
69,246,189,283,214
69,357,208,410,241
69,644,253,672,314
69,123,260,383,479
69,98,297,132,341
69,648,365,705,424
69,609,369,647,399
69,691,423,719,466
70,20,148,59,199
70,495,181,523,208
70,535,211,574,247
70,128,260,383,479
70,647,336,675,363
70,676,425,719,458
71,0,0,719,479
71,340,135,529,250
71,492,182,523,211
71,47,199,81,243
71,520,203,575,249
71,578,246,653,309
71,483,253,512,281
71,647,336,672,366
71,612,371,719,459
71,396,456,428,479
72,409,174,495,234
72,248,190,282,213
72,476,235,530,266
72,119,258,382,479
72,674,424,716,452
73,560,0,589,34
73,20,152,62,205
73,77,256,109,297
73,108,261,383,479
73,610,369,719,468
73,387,454,431,479
74,359,142,443,218
74,21,152,59,199
74,441,193,502,243
74,641,193,672,223
74,135,259,383,479
74,85,271,115,307
74,653,367,705,424
74,609,377,650,406
75,0,0,719,479
75,579,131,606,172
75,356,140,439,242
75,247,175,282,216
75,432,187,529,266
75,645,252,672,314
75,76,254,116,311
75,609,368,645,400
75,654,395,704,432
75,691,424,719,466
75,394,449,431,479
76,347,0,446,59
76,617,0,719,245
76,444,91,490,118
76,582,91,612,114
76,100,93,217,310
76,22,148,80,201
76,251,192,280,216
76,451,193,482,220
76,410,194,440,218
76,524,202,579,248
76,129,261,382,479
76,667,309,719,363
76,675,427,717,457
77,0,0,719,479
77,483,252,513,281
77,647,336,672,366
77,611,370,719,459
77,396,455,428,479
78,27,158,53,186
78,400,174,432,216
78,442,175,514,260
78,248,190,282,214
78,642,191,687,238
78,360,209,410,241
78,126,259,383,479
78,652,366,694,394
78,609,372,647,399
78,658,396,704,422
79,566,126,638,179
79,451,178,496,220
79,644,224,687,250
79,478,245,509,277
79,116,261,383,479
79,83,268,114,307
79,651,368,719,467
79,610,374,652,403
80,249,191,283,220
80,643,223,687,250
80,71,246,465,479
80,646,272,671,317
80,651,369,711,425
80,609,377,644,403
80,674,428,716,457
81,98,90,383,479
81,214,91,250,115
81,471,154,516,195
81,339,158,483,242
81,248,170,283,217
81,645,263,671,309
81,609,366,647,395
81,673,420,719,468
82,0,0,719,479
82,643,224,691,259
82,378,244,425,290
82,450,315,481,346
82,648,335,677,369
82,585,346,616,374
82,610,371,719,468
82,519,382,558,420
82,553,418,620,479
83,704,184,719,241
83,428,185,481,234
83,642,188,689,238
83,609,369,648,396
83,678,441,719,468
84,557,0,588,33
84,388,152,416,192
84,703,190,719,245
84,252,191,281,216
84,643,222,687,250
84,74,252,383,479
84,608,369,701,424
84,674,428,716,457
85,601,134,636,163
85,250,191,282,216
85,453,193,498,220
85,480,220,524,247
85,644,224,689,249
85,480,246,509,274
85,106,261,401,479
85,82,266,114,305
85,656,372,710,425
85,674,433,719,467
86,0,0,719,479
86,472,176,518,203
86,250,190,282,216
86,640,193,685,249
86,478,217,511,276
86,645,253,672,316
86,650,366,705,427
86,608,375,643,402
86,674,426,719,467
87,252,174,283,217
87,608,370,654,399
87,644,382,704,423
87,675,423,719,468
88,340,0,392,32
88,557,0,586,28
88,644,223,690,257
88,71,247,383,479
88,483,253,514,285
88,647,336,676,368
88,585,344,616,374
88,609,371,719,467
88,585,452,616,478
89,428,185,482,235
89,643,189,689,237
89,90,259,383,479
89,623,365,675,394
89,682,442,719,467
90,559,0,590,35
90,59,136,94,179
90,56,217,82,246
90,643,223,688,253
90,231,246,259,274
90,72,255,383,479
90,647,335,672,364
90,674,413,719,458
90,590,451,636,479
90,396,455,429,479
91,69,154,100,189
91,52,214,383,479
91,644,224,689,250
91,610,370,716,458
92,325,4,350,36
92,40,89,383,479
92,382,158,532,263
92,249,188,282,216
92,644,243,672,353
92,84,268,122,319
92,608,356,675,395
92,673,420,719,470
92,333,427,380,467
93,0,0,719,479
93,556,0,592,40
93,646,225,692,260
93,388,254,424,288
93,520,385,558,419
93,676,414,719,463
93,351,431,400,471
94,250,189,282,213
94,43,262,383,479
94,82,264,125,327
94,366,422,415,462
94,674,424,719,467
95,408,192,439,217
95,452,192,480,235
95,642,194,672,218
95,57,217,84,248
95,479,219,525,247
95,644,224,674,249
95,43,247,383,479
95,646,271,671,315
95,674,426,716,455
95,380,429,429,467
96,23,154,58,199
96,250,192,281,219
96,644,223,689,252
96,482,248,510,274
96,74,251,117,313
96,48,261,383,479
96,117,334,155,385
96,647,336,674,363
96,622,371,719,466
97,0,0,719,479
97,356,141,483,241
97,490,174,519,201
97,249,188,284,216
97,57,217,85,250
97,651,357,675,389
97,608,367,646,399
97,682,423,719,468
97,396,450,446,479
98,347,0,450,62
98,696,131,719,165
98,23,151,59,199
98,497,182,578,248
98,645,224,692,252
98,73,248,118,313
98,68,260,383,479
98,685,322,719,362
98,648,336,678,363
98,675,427,719,458
99,0,0,719,479
99,555,0,586,28
99,643,224,689,257
99,482,250,512,281
99,647,336,675,369
99,610,370,719,460
99,529,390,557,417
99,395,456,428,479
100,531,0,719,238
100,445,86,500,117
100,56,176,93,199
100,249,189,283,213
100,94,258,383,479
100,611,370,655,399
100,658,383,704,423
100,689,424,719,466
101,557,0,588,32
101,643,223,687,251
101,72,248,383,479
101,609,369,715,458
102,602,134,636,168
102,22,153,58,199
102,56,216,83,247
102,643,222,687,249
102,479,246,509,274
102,74,252,432,479
102,652,368,719,467
102,608,376,644,402
103,388,90,430,116
103,98,92,383,479
103,315,92,370,135
103,340,152,532,265
103,57,172,90,197
103,249,189,283,217
103,646,249,672,310
103,673,421,719,467
104,0,0,719,479
104,552,0,611,40
104,289,152,324,186
104,643,207,691,258
104,379,245,426,291
104,483,253,518,287
104,648,336,676,368
104,586,345,616,374
104,608,370,719,469
104,530,392,558,419
104,554,420,619,479
105,249,190,283,220
105,175,259,391,479
105,647,266,671,310
105,609,368,649,396
105,679,431,719,468
106,474,134,500,175
106,380,152,414,182
106,252,191,282,216
106,71,246,430,479
106,608,369,715,456
107,249,191,283,216
107,439,193,522,247
107,645,224,688,249
107,187,260,432,479
107,654,369,705,424
107,150,397,196,464
108,340,135,532,265
108,22,148,58,197
108,246,188,283,216
108,56,214,84,247
108,644,238,672,311
108,74,250,122,321
108,186,259,433,479
108,607,324,714,425
108,126,350,158,391
108,147,392,195,462
108,672,421,719,469
109,647,224,693,295
109,72,247,133,344
109,202,263,449,479
109,123,345,155,386
109,676,414,719,462
110,560,0,590,31
110,600,130,637,166
110,359,144,421,199
110,434,186,479,234
110,249,190,281,213
110,360,209,407,238
110,191,263,464,479
110,658,395,704,424
110,692,424,719,466
111,527,0,719,183
111,558,0,590,32
111,251,190,281,215
111,642,192,672,218
111,201,261,481,479
111,610,367,704,422
112,603,132,636,169
112,644,223,688,249
112,69,240,118,314
112,480,247,508,277
112,189,261,431,479
112,122,342,152,378
112,652,369,719,467
112,148,394,196,463
113,339,138,530,265
113,643,222,688,253
113,482,249,509,277
113,190,262,383,479
113,647,336,674,364
113,608,370,719,460
114,359,0,411,31
114,326,2,350,36
114,214,91,247,115
114,98,92,383,479
114,339,152,531,261
114,249,188,282,216
114,644,245,672,309
114,645,313,669,352
114,609,358,714,422
114,672,419,719,476
115,247,185,285,209
115,645,224,692,260
115,370,233,425,288
115,192,251,383,479
115,585,345,615,372
115,523,384,559,421
115,676,414,719,463
115,587,453,616,479
116,357,141,443,217
116,53,152,96,204
116,453,192,482,218
116,517,195,548,224
116,56,214,85,248
116,645,224,690,249
116,72,246,118,314
116,188,262,384,479
116,613,267,670,314
116,669,309,707,343
116,136,373,187,447
116,676,426,718,455
117,407,173,530,265
117,250,190,281,213
117,359,208,410,242
117,200,258,383,479
117,646,270,671,313
117,609,365,704,422
117,673,424,716,453
118,645,223,692,273
118,482,251,515,283
118,74,252,118,315
118,189,263,384,479
118,647,334,678,365
118,123,346,156,388
118,623,371,719,467
118,147,392,211,479
119,561,0,589,31
119,359,147,517,239
119,248,190,285,221
119,478,235,528,266
119,72,246,116,310
119,190,262,383,479
119,646,269,671,313
119,119,337,154,383
119,610,365,704,424
119,150,397,197,465
119,674,424,719,466
120,251,193,281,218
120,645,225,690,252
120,74,251,126,331
120,190,261,383,479
120,646,294,682,327
120,648,336,674,363
120,128,354,155,385
120,147,392,196,464
120,675,414,719,458
121,22,129,97,198
121,644,223,689,250
121,76,254,118,314
121,189,262,384,479
121,612,370,716,458
122,20,152,65,200
122,350,207,385,243
122,479,219,529,249
122,643,223,688,249
122,480,246,509,275
122,72,247,117,313
122,189,261,384,479
122,107,314,134,345
122,125,349,155,385
122,653,369,714,437
122,146,390,211,479
123,358,140,406,182
123,250,190,281,214
123,409,191,438,216
123,435,192,478,235
123,642,192,688,246
123,186,260,383,479
123,651,368,714,454
123,610,372,648,399
124,561,0,586,26
124,644,224,690,255
124,483,252,513,282
124,397,261,425,288
124,190,262,383,479
124,647,336,674,366
124,675,413,719,461
125,426,185,482,234
125,642,188,689,238
125,192,259,383,479
125,609,369,649,396
125,680,423,719,469
126,556,0,586,29
126,434,164,458,196
126,645,223,691,258
126,389,254,426,291
126,189,257,384,479
126,691,333,719,368
126,648,335,677,369
126,586,346,614,372
126,612,370,719,469
126,555,420,585,451
127,600,134,636,167
127,357,141,499,223
127,481,220,528,248
127,663,224,691,249
127,189,263,384,479
127,656,369,698,424
127,675,434,719,468
128,600,136,636,167
128,20,151,60,201
128,453,193,527,248
128,644,224,687,248
128,483,247,509,275
128,190,260,494,479
128,653,368,719,467
129,253,196,280,223
129,645,224,690,252
129,188,261,383,479
129,150,397,211,479
129,675,414,717,458
130,355,141,439,218
130,249,176,282,223
130,491,176,520,204
130,450,191,478,218
130,643,222,672,249
130,579,243,612,273
130,188,262,470,479
130,680,319,719,362
130,651,368,705,425
130,610,376,643,402
131,0,0,76,176
131,607,0,696,180
131,288,52,334,113
131,447,89,476,114
131,99,102,217,306
131,24,156,58,189
131,250,190,282,217
131,201,260,459,479
132,0,0,719,479
132,645,224,692,263
132,184,250,447,479
132,389,254,427,292
132,577,340,616,376
132,611,371,719,472
132,520,384,559,428
132,555,420,586,451
132,586,453,619,479
133,359,140,387,166
133,388,165,437,215
133,432,174,496,235
133,253,190,282,214
133,477,235,527,264
133,189,260,435,479
134,55,127,95,178
134,250,191,282,216
134,438,193,497,235
134,642,195,671,219
134,55,213,81,242
134,479,220,529,249
134,643,224,687,249
134,480,246,508,272
134,189,260,431,479
134,653,368,713,436
134,611,377,646,402
135,381,146,458,197
135,645,223,692,257
135,189,248,415,479
135,648,335,676,368
135,612,371,719,466
136,389,168,481,235
136,472,170,519,197
136,247,188,283,212
136,200,259,399,479
136,645,264,671,310
136,685,316,719,348
136,677,439,719,468
137,338,0,450,68
137,645,224,690,259
137,202,248,394,479
137,648,336,675,370
137,676,415,719,462
138,411,173,457,216
138,251,191,280,215
138,190,263,383,479
138,657,383,687,423
139,558,0,588,33
139,250,191,282,217
139,643,223,687,250
139,192,261,383,479
139,644,273,671,317
139,674,414,716,457
140,359,141,441,217
140,250,190,282,215
140,643,192,687,219
140,440,210,479,235
140,201,263,383,479
140,652,368,706,424
141,558,0,586,27
141,340,144,530,252
141,244,181,280,204
141,231,246,259,275
141,189,263,383,479
141,647,335,673,366
141,674,414,719,465
141,395,455,428,479
142,444,87,473,118
142,92,92,221,312
142,554,108,611,152
142,411,147,550,260
142,40,168,70,193
142,249,187,282,214
142,202,256,383,479
142,609,342,675,393
142,488,359,516,386
142,634,387,719,474
142,561,432,607,477
142,394,442,432,479
143,245,186,288,211
143,645,224,692,265
143,389,255,428,293
143,576,338,616,377
143,520,384,560,422
143,676,415,719,465
143,588,454,619,479
144,253,189,282,215
144,191,267,383,479
145,0,0,65,201
145,559,0,590,33
145,614,0,696,219
145,572,34,600,78
145,288,59,377,123
145,428,76,471,122
145,57,98,217,309
145,438,189,480,220
145,250,191,281,223
145,106,268,383,479
145,674,427,716,456
145,395,452,430,479
146,342,134,529,252
146,253,180,288,204
146,647,224,693,254
146,188,269,383,479
146,648,334,678,365
146,615,370,712,424
146,675,427,719,459
147,561,0,588,31
147,0,146,59,199
147,359,152,439,241
147,253,191,283,215
147,452,191,501,242
147,642,192,672,218
147,175,269,383,479
147,646,270,671,314
147,651,366,704,425
147,148,393,196,463
147,674,426,714,454
148,405,25,442,56
148,567,35,601,83
148,518,59,554,83
148,567,125,613,178
148,250,190,282,216
148,644,224,687,248
148,611,369,705,422
148,675,427,716,455
148,386,452,432,479
149,557,0,589,30
149,623,0,719,237
149,74,92,224,309
149,0,147,60,200
149,384,161,439,216
149,434,192,479,235
149,357,208,410,242
149,479,218,528,264
149,166,267,383,479
149,647,270,671,313
149,652,367,704,425
149,610,371,648,399
149,692,425,719,466
150,578,57,607,81
150,568,126,607,159
150,0,144,77,203
150,646,224,690,250
150,189,268,383,479
150,676,427,719,457
151,346,0,406,37
151,339,127,528,251
151,14,150,61,204
151,316,179,345,203
151,518,199,550,229
151,644,223,689,253
151,578,244,614,277
151,103,269,383,479
151,616,273,682,328
151,648,336,673,364
151,609,370,719,468
151,395,454,430,479
152,625,0,719,183
152,285,58,375,124
152,493,76,537,118
152,62,93,383,479
152,252,191,283,218
152,583,246,612,273
152,611,376,652,404
153,97,93,217,308
153,507,93,556,122
153,0,94,57,145
153,8,149,53,184
153,177,269,383,479
153,647,269,671,312
153,683,442,719,468
154,0,23,124,93
154,644,225,688,251
154,654,370,711,410
154,611,375,653,403
154,674,414,715,457
155,560,0,589,30
155,606,2,719,181
155,77,94,214,308
155,510,94,556,123
155,0,96,65,144
155,22,150,62,202
155,396,171,441,216
155,642,191,688,238
155,435,192,519,272
155,358,208,410,241
155,164,269,383,479
155,652,367,704,424
156,0,97,36,136
156,97,97,218,325
156,395,171,482,234
156,647,267,671,312
156,163,272,382,479
156,608,363,705,422
156,674,423,719,468
157,14,149,57,197
157,339,150,530,258
157,58,157,98,183
157,434,165,458,194
157,645,223,691,256
157,106,271,382,479
157,648,335,676,366
157,613,371,719,461
158,618,5,719,217
158,380,7,454,89
158,457,60,511,92
158,96,95,215,310
158,0,97,37,133
158,434,190,528,262
158,160,272,382,479
158,612,375,643,401
158,655,382,702,421
159,608,5,719,184
159,75,96,218,308
159,510,96,555,122
159,0,98,58,197
159,395,172,433,215
159,433,187,529,267
159,641,191,687,246
159,358,209,410,241
159,646,267,671,313
159,117,271,382,479
159,656,395,704,424
159,691,425,719,466
160,637,6,719,197
160,461,60,508,95
160,0,96,217,310
160,509,96,556,126
160,570,96,601,123
160,248,100,280,123
160,12,137,62,204
160,396,171,522,247
160,644,224,688,249
160,149,272,382,479
160,652,369,701,421
161,623,6,719,183
161,427,52,454,88
161,79,96,218,308
161,510,96,555,123
161,0,99,36,132
161,19,149,58,198
161,397,172,437,216
161,435,192,480,235
161,641,192,687,247
161,357,209,410,242
161,647,270,671,314
161,147,272,382,479
161,651,365,701,423
161,610,376,649,406
161,692,425,719,465
162,0,97,33,132
162,99,100,215,323
162,473,152,497,194
162,424,182,531,262
162,339,189,427,240
162,646,251,672,309
162,147,275,382,479
162,609,361,712,422
162,678,428,719,469
163,13,135,64,212
163,73,162,104,193
163,434,165,459,197
163,518,204,569,248
163,55,216,83,248
163,644,224,692,260
163,377,242,426,292
163,483,255,520,288
163,455,321,505,370
163,565,329,615,374
163,648,334,677,370
163,531,393,557,422
163,551,416,618,479
163,676,416,719,470
164,537,14,565,41
164,101,96,219,312
164,0,100,33,130
164,471,152,497,194
164,500,161,531,192
164,295,168,324,193
164,411,182,532,262
164,645,262,671,309
164,144,273,382,479
164,649,360,676,387
164,609,365,648,395
164,677,420,719,476
165,633,18,719,199
165,523,33,555,60
165,427,55,452,99
165,0,59,37,93
165,287,61,331,102
165,483,69,519,101
165,74,96,219,314
165,522,96,553,123
165,0,99,33,130
165,8,151,48,178
165,396,175,441,218
165,440,176,519,248
165,641,213,672,248
165,57,217,85,249
165,478,219,512,244
165,645,270,670,315
165,141,274,382,479
165,609,377,643,403
165,651,381,701,409
165,674,427,717,455
165,394,451,432,479
166,616,18,719,182
166,516,47,543,74
166,0,60,33,92
166,270,60,359,125
166,111,96,217,311
166,512,97,552,123
166,393,101,423,125
166,449,220,486,248
166,147,276,382,479
166,615,374,684,413
166,675,426,719,456
167,605,19,719,237
167,39,96,218,313
167,0,99,52,150
167,472,174,518,201
167,431,186,482,234
167,342,192,427,240
167,57,217,85,249
167,644,247,672,313
167,132,276,381,479
167,608,368,646,399
167,673,423,719,465
168,620,19,696,214
168,445,47,523,94
168,597,66,625,91
168,0,97,38,141
168,83,107,225,314
168,34,155,69,196
168,115,269,381,479
169,0,0,719,479
169,648,146,697,185
169,644,225,691,261
169,482,255,519,288
169,390,256,425,289
169,586,346,614,374
169,610,375,719,472
169,519,384,559,420
169,586,453,619,479
169,388,456,425,479
170,0,101,31,129
170,94,104,242,312
170,424,183,482,233
170,647,264,672,309
170,161,276,381,479
170,611,362,711,419
170,395,405,448,449
170,677,430,719,470
171,639,21,719,146
171,0,60,32,91
171,485,74,573,140
171,459,101,497,153
171,602,145,697,220
171,55,214,84,248
171,643,225,688,252
171,148,279,381,479
171,647,335,672,363
171,398,387,449,431
172,346,0,382,22
172,636,23,719,145
172,404,27,441,58
172,567,64,595,90
172,445,82,498,126
172,456,139,485,172
172,643,225,692,254
172,155,279,381,479
172,648,336,675,364
172,399,364,447,412
172,675,416,719,459
173,113,97,250,305
173,0,99,29,128
173,446,150,472,179
173,427,183,481,232
173,645,253,672,310
173,189,279,381,479
173,397,343,442,391
173,680,388,712,416
173,639,393,671,419
173,677,421,719,470
174,0,60,30,90
174,651,147,696,184
174,47,199,80,241
174,646,225,693,294
174,70,244,127,335
174,392,254,424,287
174,147,279,392,479
174,402,349,445,398
174,676,416,719,462
175,650,144,696,184
175,593,151,626,180
175,429,192,459,221
175,691,206,719,239
175,77,259,121,326
175,194,280,394,479
175,400,337,441,384
175,614,386,647,410
176,641,23,696,144
176,0,60,40,89
176,286,62,326,100
176,0,101,29,128
176,111,106,252,305
176,632,144,695,184
176,437,188,502,242
176,409,193,450,239
176,80,261,118,314
176,214,281,400,479
176,389,336,430,381
176,609,375,644,400
176,160,415,192,456
176,674,425,716,454
177,645,23,719,144
177,496,65,537,103
177,0,98,283,307
177,459,101,492,125
177,648,147,696,199
177,631,228,688,270
177,417,230,442,260
177,192,287,406,479
177,648,336,676,362
177,380,338,421,383
177,626,375,654,401
177,675,432,708,458
178,343,0,379,22
178,638,23,719,131
178,399,26,446,63
178,29,98,263,308
178,463,102,493,127
178,392,103,420,129
178,652,150,698,183
178,420,195,508,248
178,644,226,689,254
178,69,242,126,334
178,578,247,644,302
178,406,251,436,287
178,116,253,145,277
178,210,287,407,479
178,647,336,674,365
178,362,343,406,385
178,193,361,220,389
178,147,394,210,479
178,675,429,719,460
179,0,102,36,140
179,552,108,611,154
179,617,142,719,237
179,27,144,95,195
179,401,244,426,273
179,85,258,158,342
179,217,278,408,479
179,665,418,719,476
179,558,435,606,478
179,393,441,448,479
179,453,441,490,464
180,652,150,696,183
180,646,227,692,265
180,390,251,430,281
180,210,287,417,479
180,548,291,590,338
180,589,349,616,376
180,677,425,719,464
181,638,24,719,134
181,455,63,498,95
181,662,157,696,182
181,401,235,427,268
181,197,287,424,479
181,525,309,564,338
181,688,424,719,450
182,642,24,695,133
182,288,62,322,100
182,113,103,264,303
182,567,125,613,180
182,622,158,656,188
182,490,177,518,203
182,451,191,481,218
182,71,244,98,275
182,158,270,199,302
182,628,279,667,314
182,92,285,118,315
182,219,288,438,479
182,501,325,538,363
182,163,422,210,479
182,674,425,716,454
182,395,451,426,479
183,650,27,719,129
183,287,62,342,124
183,113,99,274,305
183,31,100,61,125
183,403,225,431,251
183,209,295,461,479
183,481,349,517,385
183,622,375,655,404
183,675,429,716,457
184,638,34,719,130
184,288,62,374,128
184,0,102,25,129
184,613,158,671,202
184,433,194,504,247
184,401,214,428,248
184,644,228,672,254
184,147,395,210,479
184,396,455,429,479
185,444,80,469,109
185,315,97,370,133
185,0,98,35,138
185,578,124,609,152
185,618,148,690,236
185,495,168,539,194
185,87,262,126,314
185,630,262,670,306
185,545,331,574,358
185,677,426,719,475
185,560,432,590,462
186,570,59,610,92
186,646,224,693,289
186,113,254,143,281
186,389,256,428,293
186,483,256,514,289
186,210,276,560,479
186,193,362,220,391
186,560,364,590,393
186,550,417,585,452
186,677,429,719,472
187,556,109,612,153
187,621,149,692,215
187,349,200,421,241
187,689,244,719,277
187,596,245,671,305
187,87,259,142,343
187,672,302,719,350
187,586,332,629,367
187,678,437,719,472
188,653,37,719,130
188,287,62,366,126
188,87,100,231,231
188,204,108,335,303
188,433,193,504,251
188,389,209,416,238
188,578,245,611,276
188,228,297,537,479
188,583,335,631,368
188,159,417,210,479
188,685,429,716,455
189,654,37,719,129
189,287,62,345,126
189,520,99,552,125
189,112,100,231,231
189,207,108,339,303
189,390,215,418,242
189,228,301,540,479
189,648,335,676,363
189,585,339,629,373
189,616,374,669,404
189,677,430,716,458
190,346,0,444,59
190,654,39,719,128
190,207,63,368,302
190,114,100,231,230
190,450,192,479,221
190,387,216,415,245
190,90,283,117,314
190,218,301,537,479
190,666,310,719,364
190,582,358,621,389
190,159,417,210,479
190,685,428,716,453
191,0,97,36,139
191,324,102,356,130
191,554,107,612,152
191,114,120,223,225
191,615,143,698,214
191,38,162,95,195
191,366,166,399,191
191,410,180,482,229
191,340,204,414,252
191,86,257,129,319
191,175,284,205,308
191,487,359,516,386
191,610,361,654,392
191,562,375,610,420
191,163,403,209,470
191,677,418,719,474
191,560,432,606,476
192,581,0,614,21
192,685,0,719,21
192,571,60,611,95
192,535,69,570,94
192,77,193,111,216
192,646,227,693,305
192,389,244,420,285
192,528,300,560,329
192,561,329,618,382
192,471,338,510,378
192,193,363,221,392
192,521,385,562,425
192,560,428,591,460
192,677,430,719,478
193,656,99,696,129
193,58,100,233,224
193,537,104,616,150
193,617,141,698,212
193,37,160,65,193
193,359,161,399,189
193,584,163,611,190
193,340,203,412,253
193,418,203,456,231
193,449,205,531,262
193,174,285,223,314
193,229,291,485,479
193,559,431,590,459
193,675,433,719,473
193,509,437,546,473
194,434,166,458,198
194,646,231,690,258
194,385,243,414,277
194,648,337,676,371
194,142,387,209,479
194,677,431,719,463
195,637,68,719,131
195,435,165,459,194
195,446,226,493,253
195,660,227,693,258
195,387,252,414,279
195,117,255,145,284
195,230,316,433,479
195,192,363,221,392
195,615,377,668,410
195,679,430,719,461
196,423,47,454,85
196,221,60,351,315
196,355,60,396,85
196,185,61,216,84
196,643,63,709,100
196,656,102,684,131
196,115,121,219,222
196,640,173,678,215
196,358,211,393,236
196,230,302,426,479
196,608,363,673,416
196,690,428,719,454
197,259,64,341,301
197,655,67,697,131
197,115,121,205,222
197,432,192,482,220
197,232,298,420,479
198,83,186,113,211
198,646,232,691,261
198,378,244,424,293
198,234,253,266,286
198,114,254,147,281
198,208,304,426,479
198,192,363,222,393
198,140,383,209,479
198,522,386,559,419
198,676,431,719,469
199,656,103,684,131
199,115,121,217,220
199,639,162,688,214
199,432,182,530,258
199,357,205,404,235
199,380,246,405,274
199,679,420,719,464
200,233,64,394,479
200,637,68,719,130
200,30,101,233,229
200,434,166,458,195
200,418,195,503,248
200,46,198,83,248
200,383,254,409,284
200,648,339,674,367
200,612,378,657,408
200,162,423,209,479
200,678,431,719,460
201,233,64,392,479
201,656,68,716,128
201,522,100,552,126
201,117,101,205,220
201,615,157,645,184
201,450,194,499,223
201,382,254,408,281
202,427,47,453,77
202,233,62,379,479
202,653,63,716,127
202,121,122,210,218
202,489,174,518,201
202,640,187,675,215
202,379,246,403,277
202,609,368,644,398
202,177,450,208,479
203,656,63,694,98
203,656,101,684,131
203,233,117,381,479
203,118,122,201,218
203,382,252,406,282
204,0,0,719,479
204,685,0,719,20
204,614,74,645,101
204,646,232,692,296
204,232,255,277,306
204,567,335,617,379
204,612,377,719,476
204,521,386,591,458
205,132,3,173,26
205,656,102,683,129
205,119,122,247,209
205,27,140,94,212
205,581,163,614,189
205,229,225,261,257
205,535,307,567,339
205,532,400,600,471
205,655,420,719,472
205,393,436,432,475
206,579,60,610,91
206,524,71,554,96
206,645,230,693,287
206,561,329,617,381
206,469,336,500,367
206,518,385,561,425
206,559,427,587,455
206,678,432,719,476
207,342,59,400,92
207,657,63,715,132
207,213,99,403,479
207,61,101,205,211
207,529,103,571,130
207,642,171,679,212
207,336,394,383,440
208,425,47,453,85
208,283,63,323,100
208,653,65,693,98
208,295,98,400,296
208,129,124,210,210
208,639,190,673,215
208,47,200,80,242
208,104,268,324,479
208,295,317,344,384
208,607,370,644,398
208,333,385,383,429
209,657,65,696,98
209,288,69,327,99
209,305,102,405,295
209,124,129,200,210
209,193,271,323,479
209,295,317,346,377
209,340,376,390,419
210,615,75,643,101
210,69,186,111,217
210,95,224,121,253
210,645,232,692,287
210,112,256,147,288
210,480,257,519,290
210,569,336,616,378
210,612,377,715,438
210,520,386,561,425
210,677,432,719,474
211,0,90,36,138
211,230,225,261,258
211,582,334,673,390
211,474,343,513,383
211,654,422,719,466
211,559,429,602,473
212,580,59,607,88
212,434,166,460,200
212,646,230,693,301
212,280,313,383,421
212,561,329,616,379
212,523,385,558,423
212,677,432,719,475
212,275,433,323,468
213,657,66,713,98
213,289,76,404,292
213,666,99,706,126
213,127,130,196,210
213,146,271,286,479
213,295,318,375,388
213,275,433,323,468
214,285,66,324,102
214,656,67,691,98
214,327,99,404,295
214,134,133,206,209
214,142,266,288,479
214,296,319,367,389
214,275,433,322,467
215,285,66,325,103
215,657,68,691,98
215,330,99,410,296
215,133,134,206,209
215,142,265,287,479
215,296,319,360,393
215,275,434,322,467
216,657,68,692,98
216,286,74,326,102
216,333,98,420,294
216,134,135,196,209
216,136,264,287,479
216,296,319,344,395
216,276,434,322,466
217,403,29,439,59
217,287,67,430,298
217,657,70,694,98
217,655,99,705,127
217,133,135,195,209
217,131,267,244,479
217,127,286,157,310
217,294,320,357,402
217,240,358,287,422
217,677,431,718,460
217,288,435,322,466
218,657,67,693,97
218,287,72,326,101
218,338,98,438,292
218,151,135,195,206
218,676,206,715,231
218,116,264,254,479
218,296,320,342,394
218,243,358,300,421
218,288,435,321,465
219,402,27,441,59
219,288,67,354,126
219,657,69,692,97
219,657,99,705,126
219,340,104,443,297
219,150,135,191,193
219,580,137,611,165
219,570,215,617,246
219,108,271,237,479
219,295,320,342,378
219,243,377,286,420
219,618,377,655,406
219,684,430,718,456
219,294,435,321,463
220,657,68,692,97
220,287,69,326,105
220,669,99,703,122
220,345,100,445,293
220,97,271,238,479
220,296,320,342,375
220,249,362,284,401
221,287,68,354,123
221,657,69,692,97
221,657,99,703,126
221,163,102,194,125
221,524,102,572,141
221,345,104,454,296
221,571,132,614,185
221,150,136,177,163
221,162,159,191,204
221,57,220,86,254
221,86,281,238,479
221,672,316,719,365
221,295,320,342,378
221,684,429,717,455
222,355,59,392,85
222,276,60,326,105
222,656,65,710,97
222,332,97,449,288
222,642,187,673,212
222,63,277,236,479
222,296,321,342,375
222,609,367,649,396
223,657,69,693,98
223,289,72,452,300
223,655,99,708,129
223,322,183,351,207
223,450,198,500,227
223,463,226,504,250
223,276,255,324,289
223,65,288,234,479
223,295,322,341,378
223,648,341,675,369
223,333,378,369,415
223,614,378,657,408
223,678,432,719,461
224,657,68,696,97
224,292,81,341,129
224,665,99,703,127
224,349,107,451,298
224,218,265,268,293
224,52,286,233,479
224,297,322,337,371
224,683,427,718,453
225,0,42,23,75
225,289,68,324,105
225,657,68,693,97
225,664,100,703,125
225,351,112,451,300
225,166,275,212,311
225,46,281,229,479
225,297,322,337,371
225,28,356,65,387
225,613,376,655,404
225,686,428,718,454
226,0,41,26,74
226,289,68,324,105
226,656,68,693,97
226,667,100,703,124
226,351,115,464,299
226,40,281,227,479
226,297,322,337,371
226,4,344,49,379
226,684,429,715,454
227,405,29,442,60
227,0,42,32,77
227,288,68,354,127
227,657,69,696,97
227,660,100,701,126
227,353,119,451,300
227,34,281,224,479
227,297,322,337,371
227,623,378,655,405
227,679,431,715,458
228,0,35,34,71
228,655,65,696,97
228,284,76,326,105
228,351,117,449,295
228,21,275,215,479
228,297,323,337,370
229,5,38,40,72
229,657,66,694,97
229,352,126,458,302
229,20,274,210,479
229,306,335,337,370
230,316,185,356,213
230,69,186,111,213
230,646,232,691,265
230,485,259,515,289
230,305,288,333,317
230,576,340,613,375
230,648,341,676,374
230,612,377,707,434
230,523,386,555,417
230,676,432,719,472
231,555,111,609,153
231,324,126,452,291
231,2,133,37,165
231,618,149,689,211
231,492,168,533,197
231,5,263,197,479
231,126,287,158,311
231,685,315,719,355
231,299,321,340,370
231,694,427,719,462
232,21,47,58,81
232,288,69,373,129
232,657,69,693,97
232,656,100,707,129
232,28,106,64,130
232,381,107,419,131
232,1,125,42,178
232,348,143,499,303
232,6,267,189,479
232,298,331,337,371
232,332,377,370,414
232,613,379,657,408
232,678,432,719,461
232,177,453,204,479
233,26,47,65,79
233,290,69,320,105
233,657,69,693,97
233,302,99,342,130
233,670,100,700,125
233,2,129,41,175
233,347,144,490,300
233,1,268,184,479
233,683,429,716,455
234,18,46,67,79
234,655,68,693,97
234,4,129,42,175
234,343,149,458,299
234,490,178,532,223
234,0,267,169,479
234,128,286,157,311
234,310,342,337,370
235,657,62,698,97
235,568,117,609,151
235,7,118,38,170
235,627,153,689,211
235,344,154,462,295
235,540,177,589,211
235,0,261,164,479
235,683,312,719,350
235,300,320,356,385
235,611,367,645,392
235,672,390,701,415
236,0,0,719,479
236,0,24,34,71
236,183,195,226,241
236,646,232,693,305
236,117,258,144,289
236,232,258,282,314
236,305,291,331,325
236,569,337,620,383
236,190,374,241,457
236,522,387,560,426
236,678,429,719,479
237,315,102,357,130
237,556,107,615,152
237,3,115,51,166
237,157,136,224,190
237,618,144,688,211
237,339,146,543,288
237,293,163,322,188
237,582,164,610,190
237,229,228,256,256
237,0,257,158,479
237,668,298,719,350
237,297,302,359,386
237,130,341,172,400
237,517,355,544,384
237,485,356,516,384
237,163,403,218,479
237,563,433,599,471
237,675,434,719,472
238,38,54,74,83
238,657,68,692,102
238,0,183,206,479
238,317,184,351,211
238,645,232,692,260
238,234,254,273,296
238,577,341,616,377
238,648,342,676,373
238,676,432,719,469
239,16,7,42,37
239,0,39,80,175
239,657,68,693,96
239,295,100,342,133
239,667,100,707,129
239,342,170,463,300
239,0,287,134,479
240,14,3,46,39
240,0,37,47,178
240,41,44,81,77
240,657,69,691,96
240,340,173,463,301
240,0,197,124,479
240,610,270,645,302
240,126,287,157,311
240,611,381,643,404
240,683,429,717,455
240,170,442,206,479
241,324,103,357,130
241,555,109,611,153
241,617,146,688,211
241,469,161,549,217
241,341,165,521,291
241,184,166,221,193
241,293,167,326,192
241,574,230,611,264
241,229,231,256,258
241,608,256,669,305
241,0,279,119,479
241,670,302,719,353
241,300,304,335,361
241,677,427,719,475
241,562,436,590,462
242,583,0,613,26
242,182,194,228,244
242,680,195,719,220
242,646,232,693,307
242,486,262,521,292
242,305,292,330,325
242,560,329,618,383
242,524,389,582,428
242,198,396,241,456
242,259,407,297,431
242,679,428,719,479
243,557,107,618,152
243,161,138,226,192
243,616,141,699,210
243,248,165,283,188
243,291,165,325,189
243,312,332,366,393
243,473,343,514,383
243,647,423,719,474
243,563,433,600,472
243,394,439,437,479
244,337,0,449,72
244,58,51,87,83
244,658,68,692,96
244,292,69,322,100
244,196,207,222,235
244,644,231,691,265
244,647,343,675,377
244,676,432,719,463
245,657,67,696,96
245,582,107,627,132
245,340,166,455,304
245,664,233,693,259
245,5,290,126,479
246,4,5,76,192
246,60,46,97,79
246,656,69,691,96
246,340,164,476,301
246,13,197,129,479
246,578,247,610,277
246,610,271,643,302
246,308,343,335,370
246,157,417,206,479
247,4,110,76,172
247,578,125,609,153
247,339,149,520,291
247,620,150,687,211
247,470,159,532,195
247,631,263,669,306
247,20,276,156,479
247,679,426,719,475
248,578,59,608,91
248,183,192,226,240
248,679,192,719,215
248,281,193,314,216
248,646,232,692,304
248,232,255,285,316
248,486,261,516,291
248,568,336,616,379
248,521,386,556,425
248,207,400,239,441
248,678,432,719,476
249,2,13,62,110
249,61,39,132,84
249,657,63,707,96
249,546,107,610,154
249,7,113,79,196
249,339,143,450,293
249,617,147,692,211
249,184,170,218,196
249,456,232,498,256
249,33,271,156,479
249,670,303,719,354
249,610,367,654,396
250,5,9,159,479
250,66,46,97,79
250,658,68,691,95
250,662,101,707,128
250,335,145,447,304
250,307,343,334,372
250,140,385,206,479
250,688,429,716,458
251,12,14,175,185
251,284,67,317,106
251,658,69,693,97
251,668,101,707,128
251,333,139,451,304
251,610,269,638,296
251,42,293,172,479
251,617,378,657,408
251,689,430,719,457
252,14,9,77,182
252,69,47,105,80
252,657,69,692,96
252,329,132,447,301
252,580,247,612,277
252,613,272,642,300
252,46,286,179,479
253,12,6,74,112
253,63,40,105,84
253,424,47,452,85
253,284,60,343,97
253,482,62,511,86
253,653,64,696,96
253,25,119,75,176
253,325,124,443,295
253,640,187,671,211
253,51,289,189,479
254,74,50,102,80
254,658,69,692,96
254,323,130,443,306
254,450,199,507,252
254,46,201,77,240
254,646,232,690,258
254,88,285,115,315
254,57,286,202,479
254,307,343,334,370
254,613,379,657,411
254,679,432,719,462
255,337,67,371,91
255,658,69,693,99
255,323,128,437,305
255,44,197,86,257
255,462,226,503,250
255,646,232,689,257
255,88,285,117,320
255,63,300,205,479
255,307,343,334,371
255,613,379,656,410
255,686,432,719,459
256,14,5,107,114
256,657,66,694,96
256,32,117,84,178
256,319,119,428,297
256,66,291,216,479
257,72,47,108,77
257,658,70,693,98
257,451,199,482,226
257,462,227,492,250
257,78,300,225,479
257,613,379,658,409
257,679,432,719,461
258,17,11,105,116
258,658,67,693,96
258,302,101,401,226
258,33,124,86,184
258,341,223,410,303
258,86,302,234,479
259,18,10,105,119
259,377,12,442,60
259,657,70,686,95
259,313,101,396,301
259,33,120,88,183
259,609,269,642,300
259,93,301,236,479
259,686,429,716,455
260,14,7,101,113
260,657,67,689,95
260,307,111,391,296
260,32,119,86,176
260,100,303,236,479
261,659,71,687,100
261,46,201,77,240
261,646,233,691,258
261,68,245,117,320
261,111,310,240,479
261,304,340,333,370
261,613,380,657,410
261,342,390,371,416
261,678,433,719,463
262,18,10,102,116
262,658,67,693,96
262,297,101,392,303
262,32,123,88,183
262,588,253,657,310
262,111,313,241,479
262,687,327,719,366
263,15,4,104,114
263,657,67,688,95
263,284,106,393,297
263,32,118,88,175
263,114,307,251,479
264,16,9,104,119
264,657,70,693,96
264,274,101,393,302
264,675,103,719,159
264,31,117,88,179
264,588,254,640,299
264,77,263,123,332
264,116,317,246,479
264,678,430,716,458
265,16,9,103,181
265,659,70,693,96
265,265,101,393,303
265,661,103,699,127
265,35,181,86,258
265,76,261,132,348
265,664,311,719,366
265,120,322,249,479
265,685,431,717,456
266,656,63,696,95
266,259,99,400,293
266,12,111,86,171
266,470,171,516,197
266,640,186,672,211
266,118,317,251,479
267,520,40,568,70
267,399,185,518,254
267,645,232,691,259
267,121,327,252,479
267,307,344,333,372
267,648,344,673,372
267,333,380,370,417
267,677,433,719,464
268,472,4,521,48
268,366,5,438,58
268,8,10,100,182
268,659,69,693,95
268,260,101,392,302
268,669,103,709,129
268,117,107,150,131
268,581,248,613,278
268,117,333,256,479
269,324,1,348,41
269,424,45,452,85
269,654,62,694,95
269,257,102,385,296
269,470,168,518,199
269,639,184,672,212
269,114,327,256,479
269,607,366,644,394
270,5,9,97,184
270,660,70,693,97
270,255,84,385,303
270,661,104,698,127
270,516,200,559,238
270,114,343,256,479
270,615,379,656,408
270,679,432,719,460
271,5,7,95,182
271,657,70,685,96
271,255,101,375,301
271,608,269,639,298
271,108,348,255,479
271,687,430,716,455
272,4,124,87,171
272,618,149,679,211
272,432,183,457,228
272,362,208,401,235
272,104,345,250,479
272,608,365,652,395
272,673,425,719,463
273,660,70,685,101
273,360,203,390,227
273,644,232,690,259
273,106,363,250,479
273,677,433,719,464
274,6,7,88,183
274,661,68,688,95
274,261,101,347,301
274,103,361,247,479
275,0,0,86,114
275,654,67,688,95
275,258,97,332,296
275,5,124,87,175
275,95,356,239,479
276,8,4,86,124
276,369,7,443,61
276,256,104,322,303
276,6,130,89,184
276,97,356,236,479
276,614,378,657,408
276,689,429,717,456
277,340,66,378,91
277,659,72,688,99
277,394,183,435,225
277,450,199,505,251
277,644,232,689,257
277,297,334,333,373
277,93,358,223,479
277,331,378,367,415
277,680,433,719,471
278,229,94,318,294
278,555,112,609,154
278,5,121,87,172
278,618,149,692,211
278,362,208,401,235
278,632,276,667,307
278,89,340,210,479
278,609,365,652,396
278,691,421,719,463
279,4,5,81,123
279,661,104,702,128
279,226,105,307,305
279,5,126,89,185
279,451,198,480,225
279,84,277,115,316
279,668,315,719,367
279,84,338,201,479
279,613,379,655,408
279,677,432,719,460
280,533,67,570,91
280,659,70,687,99
280,394,183,433,225
280,451,200,480,226
280,461,226,505,251
280,645,232,690,258
280,67,338,199,479
280,613,379,656,411
280,680,431,719,461
281,0,0,80,116
281,657,67,688,95
281,200,101,306,298
281,5,124,87,178
281,47,322,197,479
282,344,0,381,22
282,4,4,90,183
282,195,106,308,300
282,32,320,178,479
282,688,430,718,455
283,659,70,685,99
283,394,183,433,225
283,450,199,505,251
283,643,231,689,257
283,678,433,719,462
284,11,2,79,117
284,656,67,687,94
284,187,104,304,300
284,5,124,88,178
284,2,307,152,479
285,5,4,87,180
285,658,69,687,94
285,185,104,300,302
285,534,212,581,253
285,588,253,640,299
285,0,306,144,479
286,660,70,687,99
286,488,81,518,108
286,396,183,435,225
286,450,199,480,226
286,646,233,691,258
286,0,306,137,479
286,659,309,719,368
286,613,379,657,410
286,340,391,369,416
286,679,433,719,462
287,8,8,81,132
287,658,67,687,94
287,182,104,289,308
287,428,114,452,150
287,5,137,86,185
287,36,183,68,223
287,637,198,662,245
287,85,279,115,316
287,0,306,124,479
287,664,311,719,367
287,113,334,141,367
287,155,414,189,458
288,5,3,89,179
288,185,104,265,302
288,246,248,278,294
288,0,299,112,479
289,658,70,685,98
289,490,82,524,112
289,661,104,702,128
289,184,107,266,307
289,451,199,480,226
289,0,301,99,479
289,610,383,643,409
289,675,432,718,461
290,343,0,438,57
290,4,12,92,182
290,185,107,258,306
290,0,302,91,479
291,1,4,91,114
291,424,47,452,85
291,167,61,208,84
291,653,64,687,93
291,175,100,252,301
291,4,124,86,175
291,638,187,672,216
291,0,312,75,479
291,619,368,649,394
292,339,0,449,69
292,645,232,690,258
292,0,313,56,479
292,613,380,656,411
292,154,412,192,464
292,685,433,719,460
293,342,67,376,92
293,45,200,78,243
293,646,233,691,261
293,0,326,41,439
293,301,339,332,371
293,327,373,370,419
293,613,380,657,414
293,686,433,719,462
294,0,1,105,132
294,424,49,451,84
294,481,62,512,87
294,656,65,687,93
294,151,99,243,299
294,0,341,21,418
295,550,0,584,30
295,396,184,436,225
295,450,199,513,252
295,642,230,689,258
295,549,316,597,362
295,306,345,369,416
295,675,433,719,463
296,6,10,110,180
296,154,109,237,305
296,44,148,90,179
296,128,263,174,303
297,0,9,111,142
297,145,109,231,305
297,115,264,157,302
297,81,272,115,316
297,664,311,719,367
297,154,412,206,479
298,0,5,119,133
298,238,60,271,83
298,142,109,231,304
298,642,186,672,210
298,116,252,156,302
299,659,76,689,102
299,48,206,78,243
299,644,232,690,259
299,233,253,271,295
299,116,256,162,313
299,75,260,133,351
299,489,262,518,288
299,312,285,336,329
299,279,311,307,340
299,122,351,153,389
299,611,377,697,438
299,331,380,368,417
299,148,402,201,479
299,676,433,719,472
300,0,10,123,177
300,395,16,424,43
300,424,48,451,84
300,349,60,391,86
300,655,64,686,93
300,136,106,231,302
300,639,186,672,212
300,113,250,156,306
301,0,11,124,145
301,380,14,424,50
301,114,110,229,311
302,6,14,126,183
302,389,20,427,53
302,116,111,225,312
302,678,430,717,458
303,345,0,423,49
303,5,14,126,180
303,654,69,683,94
303,113,111,218,311
303,533,211,580,252
304,5,6,133,175
304,283,61,322,97
304,653,64,683,90
304,122,109,201,200
304,456,172,493,196
304,242,173,278,196
304,113,204,209,306
305,102,68,134,102
305,43,198,75,238
305,645,232,690,258
305,232,252,260,280
305,172,261,205,308
305,279,311,315,351
305,107,322,153,389
305,561,327,615,375
305,331,380,370,416
305,95,397,128,422
305,153,411,189,458
305,676,433,719,463
306,642,59,682,93
306,600,65,633,91
306,315,103,346,129
306,112,107,195,202
306,2,110,85,207
306,469,116,515,191
306,428,118,452,175
306,581,125,608,167
306,621,158,676,231
306,92,202,178,317
306,366,209,395,235
306,641,234,670,348
306,159,255,194,301
306,127,362,157,399
306,645,387,697,416
306,154,412,205,479
307,17,8,84,132
307,0,61,27,84
307,315,103,358,128
307,675,106,710,130
307,77,107,193,264
307,5,132,88,184
307,522,206,572,249
307,646,233,689,273
307,584,252,649,307
307,154,263,185,311
307,113,272,152,315
308,660,79,689,104
308,693,186,719,210
308,643,231,690,261
308,232,252,277,303
308,486,262,517,289
308,311,285,338,331
308,647,344,673,372
308,610,377,706,441
308,675,433,719,473
309,109,2,149,36
309,26,3,112,113
309,282,46,345,97
309,481,62,512,87
309,653,64,684,89
309,103,102,186,304
309,4,114,86,172
309,638,187,672,219
309,647,241,670,275
309,607,367,646,395
310,23,0,104,113
310,324,6,348,39
310,321,47,345,83
310,423,47,452,98
310,481,63,510,87
310,652,65,683,89
310,282,70,311,97
310,98,103,184,305
310,4,114,86,172
310,475,117,498,148
310,469,165,515,198
310,638,188,670,275
310,643,303,667,352
310,606,368,646,397
311,578,58,605,88
311,179,185,225,237
311,675,187,719,213
311,645,233,691,267
311,312,281,344,311
311,561,330,614,377
311,648,345,674,376
311,676,433,719,466
312,461,60,511,96
312,653,62,683,89
312,101,104,181,306
312,549,108,604,152
312,7,111,87,196
312,622,151,678,210
312,471,168,518,198
312,619,366,650,394
313,6,0,96,185
313,316,103,358,129
313,183,108,213,131
313,96,109,178,318
313,479,228,516,253
313,643,231,670,259
313,662,312,719,369
313,121,351,153,390
313,148,402,183,447
314,660,78,689,104
314,543,186,583,210
314,681,186,719,210
314,199,206,229,234
314,644,232,692,261
314,439,256,473,282
314,75,260,104,295
314,488,263,518,289
314,115,337,141,368
314,648,345,674,373
314,676,433,719,473
315,23,0,102,113
315,423,48,452,85
315,283,61,322,97
315,480,62,512,87
315,94,106,178,309
315,7,119,86,172
315,608,368,646,395
316,24,0,104,117
316,95,110,173,314
316,7,119,86,175
317,578,60,605,86
317,179,184,225,233
317,316,184,402,234
317,266,187,301,210
317,644,232,691,260
317,231,252,288,315
317,280,313,330,370
317,647,345,674,372
317,676,433,719,470
318,26,0,108,114
318,97,108,170,313
318,6,119,87,173
319,26,0,110,121
319,96,112,170,265
319,7,118,87,181
319,559,126,633,181
319,108,274,147,320
319,666,313,719,368
320,7,6,171,322
320,236,67,267,90
320,280,85,343,130
320,670,104,705,129
320,393,107,432,131
320,612,379,656,409
320,340,391,371,415
320,677,433,719,462
321,6,2,88,178
321,73,24,109,63
321,97,113,169,317
322,5,0,86,176
322,81,32,121,72
322,95,110,168,315
323,339,0,448,67
323,101,275,149,324
323,614,378,657,410
323,680,432,719,461
324,396,185,435,227
324,643,231,689,261
324,234,255,282,308
324,281,315,316,352
324,612,381,654,413
324,653,381,695,415
324,341,392,369,418
324,145,397,205,479
324,684,433,719,462
325,5,0,88,176
325,655,65,683,90
325,74,110,168,275
325,85,278,148,316
326,578,59,606,86
326,336,67,370,92
326,660,80,689,104
326,181,186,265,234
326,644,232,692,263
326,234,255,281,307
326,281,314,336,378
326,572,338,614,376
326,648,344,675,373
326,536,395,577,418
326,676,433,719,470
327,15,0,83,113
327,378,5,424,42
327,405,47,452,84
327,353,60,395,87
327,481,62,511,86
327,654,64,683,89
327,83,106,174,314
327,19,111,51,142
327,641,187,672,211
327,609,368,647,396
328,16,6,76,148
328,85,115,178,322
328,493,183,546,229
328,578,247,610,277
329,578,60,605,86
329,315,185,348,211
329,180,186,224,234
329,644,232,690,261
329,231,253,287,315
329,487,264,517,290
329,647,345,673,372
329,92,400,124,423
329,675,433,719,472
330,96,104,161,254
330,555,110,611,154
330,4,111,85,171
330,618,148,688,211
330,431,157,538,256
330,184,168,221,193
330,358,206,401,235
330,86,228,146,318
330,632,274,668,306
330,679,310,711,340
330,685,437,719,463
331,0,8,85,244
331,400,186,516,254
331,360,203,401,227
331,644,232,689,259
331,233,254,276,301
331,549,317,596,362
331,676,433,719,464
332,525,71,556,95
332,672,104,719,132
332,669,317,719,368
332,611,384,645,409
333,14,0,78,134
333,87,113,159,325
333,5,134,81,181
334,5,0,78,181
334,86,113,172,344
334,674,319,719,368
334,160,424,205,479
335,679,184,719,210
335,181,185,229,234
335,268,185,314,211
335,317,185,391,234
335,46,206,78,244
335,231,253,288,315
335,280,313,330,371
335,677,433,719,465
336,359,0,402,25
336,95,105,170,253
336,315,105,355,130
336,550,108,610,154
336,5,110,80,173
336,620,150,687,211
336,470,159,520,197
336,437,205,518,256
336,359,209,400,235
336,87,240,147,322
336,615,263,668,307
336,610,365,649,394
336,690,438,719,463
337,46,145,82,176
337,6,147,48,191
337,360,203,390,227
337,644,232,690,260
337,234,255,276,300
337,281,313,318,354
337,329,376,370,417
337,658,377,697,408
337,613,380,656,412
337,143,396,201,479
337,676,433,719,464
338,399,173,457,226
338,327,184,393,226
338,60,186,90,210
338,659,232,693,260
338,613,379,658,411
338,326,391,371,417
338,678,433,719,463
339,5,0,80,174
339,87,111,167,319
340,343,0,442,61
340,5,1,80,187
340,86,117,165,327
341,673,105,719,132
341,461,228,491,251
341,659,233,691,261
341,615,377,659,413
341,341,392,370,417
341,679,433,719,463
342,645,233,690,262
342,238,260,277,303
342,614,383,654,414
342,677,433,719,464
343,7,0,81,182
343,317,103,355,127
343,88,111,158,328
343,690,433,719,458
344,360,203,393,227
344,644,232,692,261
344,489,263,518,288
344,564,331,596,362
344,340,391,373,418
344,676,433,719,464
345,8,0,83,106
345,287,61,320,84
345,654,64,683,89
345,8,106,83,169
345,85,112,165,322
345,641,187,672,211
345,608,368,646,396
346,5,0,167,388
346,339,0,448,67
346,165,107,201,130
346,612,380,654,409
346,148,402,186,454
347,340,0,446,65
347,661,309,719,367
348,360,204,389,229
348,644,232,691,264
348,232,254,277,305
348,488,264,517,289
348,648,345,673,374
348,664,378,698,411
348,612,382,656,416
348,677,433,719,464
349,656,59,684,89
349,87,111,175,322
349,24,124,76,181
349,641,181,672,210
349,85,281,119,327
349,608,366,642,391
350,355,149,398,189
350,315,185,392,234
350,180,186,226,237
350,676,186,719,212
350,644,232,691,266
350,487,263,518,291
350,527,299,556,327
350,560,329,613,377
350,648,345,674,375
350,658,377,707,412
350,612,381,661,416
350,538,396,579,421
350,438,398,479,422
350,663,411,691,441
350,676,433,719,466
351,24,0,87,107
351,287,61,318,84
351,653,64,683,89
351,89,113,181,317
351,27,125,78,173
351,84,287,116,319
352,25,0,87,181
352,340,0,447,66
352,91,119,182,326
352,45,202,73,234
352,86,291,121,330
352,661,309,719,368
353,28,0,89,109
353,92,114,186,326
353,30,125,82,182
353,154,203,179,235
353,86,288,119,328
354,358,203,391,232
354,197,209,225,238
354,644,232,690,265
354,231,254,280,310
354,485,263,517,293
354,561,330,593,361
354,648,345,673,376
354,94,404,124,427
354,677,433,719,464
355,326,105,356,129
355,557,108,612,151
355,89,111,181,321
355,25,125,83,191
355,623,149,699,210
355,489,159,536,194
355,360,209,399,235
355,230,230,256,258
355,620,263,667,304
355,87,286,116,322
355,673,303,709,335
355,608,361,651,392
356,660,80,690,105
356,181,186,227,236
356,678,186,719,211
356,645,233,691,264
356,233,254,278,304
356,488,264,517,290
356,279,313,333,375
356,572,339,613,377
356,648,345,674,374
356,676,433,719,465
357,27,0,93,105
357,277,60,318,84
357,97,116,184,322
357,28,127,78,177
357,159,199,184,230
357,87,240,128,323
358,26,0,91,111
358,74,120,183,394
358,27,125,77,207
358,158,207,185,233
358,50,211,77,242
358,662,311,719,368
358,608,382,642,407
358,144,396,205,479
359,27,0,93,108
359,396,18,438,52
359,95,115,185,319
359,29,125,80,174
359,87,240,129,323
359,611,371,654,399
360,577,59,605,88
360,179,186,226,237
360,676,187,719,212
360,162,212,189,242
360,644,232,690,264
360,441,257,470,281
360,560,330,613,377
360,647,345,674,375
360,403,397,435,421
360,676,433,719,473
361,308,98,351,128
361,96,109,183,314
361,554,111,609,154
361,27,125,78,170
361,619,150,697,211
361,184,169,226,194
361,360,209,399,235
361,85,240,128,314
361,681,438,719,477
362,358,203,401,227
362,161,211,188,237
362,643,232,689,258
362,279,313,330,371
362,658,377,699,411
362,331,381,366,416
362,611,381,655,411
362,675,433,719,464
363,28,0,96,110
363,94,119,185,323
363,31,129,79,178
363,88,294,119,326
364,23,0,95,234
364,340,0,447,66
364,70,107,184,390
364,374,108,415,132
364,160,207,188,237
364,666,314,719,368
364,613,381,654,410
364,145,397,192,465
364,689,433,719,458
365,96,110,183,314
365,554,111,609,154
365,27,125,78,170
365,619,150,687,211
365,454,166,548,219
365,184,170,222,195
365,358,209,399,235
365,564,225,596,255
365,86,239,127,314
365,614,263,667,307
365,669,304,719,356
365,610,365,652,395
365,678,439,719,477
366,577,59,605,89
366,162,165,225,237
366,347,203,392,232
366,162,213,188,245
366,644,232,690,265
366,570,339,614,380
366,648,345,673,376
366,680,433,719,464
367,655,62,682,89
367,22,107,105,181
367,551,108,579,135
367,104,111,185,325
367,384,111,413,135
367,642,170,677,210
367,363,210,396,235
367,86,242,128,325
367,687,437,719,463
368,29,0,96,108
368,339,0,446,67
368,193,108,225,132
368,249,108,288,132
368,384,108,414,133
368,101,118,184,327
368,31,125,80,184
368,84,237,127,332
368,662,311,719,370
368,147,401,178,441
368,172,448,203,479
369,360,203,391,227
369,517,204,561,243
369,645,233,691,259
369,573,246,659,316
369,90,299,122,332
369,657,310,719,369
369,658,377,696,407
369,613,381,657,411
369,677,433,719,472
370,29,0,97,106
370,101,114,183,317
370,30,129,79,172
370,93,241,128,289
370,87,289,116,319
371,28,0,95,109
371,29,116,77,177
371,101,118,182,323
371,158,205,182,235
371,93,239,128,286
371,86,289,118,326
371,694,334,719,367
372,452,107,493,131
372,367,184,394,226
372,161,211,187,240
372,662,233,691,257
372,96,241,128,290
372,88,294,121,330
372,614,379,657,410
372,688,433,719,459
373,68,188,95,216
373,359,203,391,231
373,196,209,225,239
373,160,212,185,248
373,643,232,690,266
373,232,255,286,317
373,485,263,517,290
373,278,315,334,380
373,648,346,672,377
373,658,377,700,413
373,329,381,369,424
373,612,382,658,418
373,684,433,719,463
374,364,0,402,23
374,655,60,686,89
374,99,116,163,278
374,27,126,77,175
374,625,152,678,210
374,93,228,125,276
374,471,230,502,256
374,135,278,183,321
374,86,286,116,322
374,610,365,644,392
375,316,186,357,212
375,358,203,392,230
375,645,233,691,262
375,234,255,277,302
375,489,264,517,290
375,90,300,123,335
375,565,333,595,362
375,648,345,674,372
375,658,377,701,411
375,316,382,372,420
375,613,382,660,414
375,676,433,719,472
376,33,0,96,108
376,380,7,440,52
376,655,64,684,89
376,101,114,184,318
376,32,132,79,172
376,94,240,128,289
376,88,289,115,318
376,617,368,651,398
377,31,0,94,109
377,342,0,445,63
377,32,116,78,176
377,94,117,182,322
377,161,204,186,233
377,85,291,118,325
377,664,311,719,367
378,169,209,196,239
378,659,233,691,262
378,90,294,122,334
378,614,379,657,413
378,680,433,719,462
379,341,140,376,172
379,595,151,670,209
379,168,215,195,241
379,643,233,689,267
379,99,242,128,274
379,232,255,278,310
379,278,316,328,375
379,648,346,672,378
379,328,381,368,424
379,671,385,699,414
379,611,386,656,420
379,193,400,238,428
379,692,433,719,462
380,0,0,102,106
380,315,57,343,82
380,236,58,266,82
380,655,62,684,89
380,98,117,160,266
380,31,129,79,181
380,641,181,671,211
380,171,189,199,222
380,93,240,125,274
380,136,279,184,323
380,86,286,116,323
381,397,186,514,255
381,358,203,392,228
381,643,232,691,260
381,235,256,269,292
381,89,299,122,333
381,658,377,697,408
381,613,381,657,412
381,333,382,372,418
381,676,433,719,473
382,31,0,105,110
382,98,114,160,266
382,32,134,78,173
382,153,175,204,209
382,95,240,128,289
382,134,280,184,319
382,87,289,116,321
383,339,0,447,67
383,23,4,93,130
383,314,103,353,127
383,671,105,706,130
383,76,107,161,290
383,379,108,419,132
383,13,128,78,183
383,179,183,207,212
383,135,269,183,326
383,88,294,138,361
383,611,382,641,409
384,31,0,94,114
384,340,0,378,24
384,379,14,406,41
384,97,120,176,260
384,565,131,636,183
384,34,137,78,183
384,95,240,127,287
384,576,247,643,304
384,132,263,185,327
384,88,292,118,325
385,360,204,389,228
385,644,233,690,263
385,73,241,127,295
385,486,264,517,290
385,136,286,185,333
385,280,315,329,371
385,649,345,673,374
385,612,382,655,416
385,671,384,699,411
385,333,385,371,422
385,686,433,719,463
386,30,0,95,117
386,0,60,34,83
386,94,114,183,257
386,33,129,80,182
386,187,156,214,193
386,642,181,670,208
386,93,238,125,274
386,137,279,185,325
386,90,296,118,325
387,36,144,83,184
387,167,158,213,191
387,644,232,689,259
387,133,270,186,327
387,89,297,121,335
387,613,380,656,410
387,679,433,719,461
388,33,0,92,122
388,93,119,185,325
388,555,124,613,169
388,35,137,81,181
388,186,149,213,178
388,511,198,570,248
388,88,293,119,328
388,683,327,719,368
389,32,6,91,118
389,92,117,184,322
389,35,135,80,178
389,183,136,210,169
389,508,194,583,255
389,588,255,656,311
389,87,292,118,325
390,30,0,91,119
390,92,115,185,324
390,170,131,208,169
390,37,135,82,180
390,89,292,118,326
391,183,191,225,239
391,355,203,391,233
391,645,233,691,266
391,488,265,516,290
391,648,345,674,377
391,685,433,719,464
392,556,108,613,152
392,88,110,184,319
392,164,110,197,160
392,39,129,84,193
392,620,147,689,210
392,492,164,538,194
392,184,167,224,193
392,361,208,399,235
392,550,210,578,237
392,605,252,667,304
392,263,272,316,333
392,670,300,719,351
392,316,339,360,386
392,611,362,654,392
392,177,430,218,479
393,677,185,719,210
393,328,187,359,211
393,356,203,392,230
393,657,233,692,280
393,90,299,124,336
393,648,344,677,373
393,334,394,380,420
393,676,433,719,465
394,33,6,91,115
394,89,111,189,319
394,41,134,90,175
394,89,292,115,320
395,29,7,89,118
395,41,112,184,323
395,492,183,533,219
395,531,212,568,245
395,87,294,119,326
395,664,311,719,368
395,611,382,641,406
396,30,5,184,319
396,88,292,115,319
397,30,9,92,121
397,146,108,176,137
397,40,117,184,325
397,451,199,481,225
397,519,204,558,239
397,88,296,120,328
397,666,314,719,368
397,612,380,655,408
397,677,432,717,461
398,30,7,92,117
398,43,107,186,321
398,89,294,118,322
399,29,9,100,145
399,41,108,182,286
399,134,266,185,325
399,88,296,121,330
399,666,314,694,341
399,691,333,719,368
399,614,380,655,408
400,28,7,185,320
400,89,293,117,321
401,28,11,182,286
401,451,199,480,225
401,135,265,185,325
401,88,296,120,328
401,684,328,719,368
401,612,380,655,408
401,676,433,718,461
402,29,10,182,287
402,136,268,184,322
402,89,295,118,323
403,27,9,95,121
403,40,109,184,321
403,87,293,118,324
404,340,0,445,64
404,29,11,190,287
404,569,133,616,170
404,136,269,186,325
404,89,296,119,327
404,660,309,719,367
404,614,379,656,408
404,690,431,718,457
405,365,5,437,58
405,29,14,109,154
405,266,68,297,91
405,41,113,184,287
405,533,213,571,247
405,135,269,184,324
405,88,296,120,327
405,613,379,656,406
405,686,432,716,457
406,28,8,185,285
406,134,269,184,320
406,87,291,117,321
407,30,12,189,286
407,136,290,184,324
407,89,296,118,325
408,28,13,191,263
408,539,216,592,262
408,136,290,186,323
408,88,295,117,324
409,25,11,192,262
409,135,267,184,322
409,88,293,117,323
410,33,12,104,152
410,24,107,192,260
410,522,204,581,253
410,580,248,615,280
410,136,270,185,324
410,620,279,649,305
410,88,294,117,323
411,24,14,195,261
411,391,19,420,46
411,136,288,185,323
411,88,294,118,325
412,23,13,199,258
412,135,290,185,326
412,88,294,121,330
412,661,310,719,368
412,612,380,655,409
413,37,9,103,151
413,37,105,200,256
413,135,287,186,322
413,88,293,117,322
414,342,0,437,58
414,35,12,104,189
414,93,108,207,258
414,65,193,96,225
414,135,286,183,324
414,88,290,119,328
414,691,331,719,368
415,36,10,104,150
415,380,13,419,46
415,65,111,221,260
415,36,151,89,188
415,136,289,186,323
415,88,294,117,323
416,26,15,102,189
416,304,85,338,126
416,66,119,230,260
416,102,262,126,296
416,618,277,660,314
416,136,290,184,325
416,89,296,119,326
417,367,4,403,35
417,32,13,101,152
417,98,120,237,323
417,19,128,88,188
417,67,199,98,228
417,88,292,117,321
417,0,431,24,476
418,32,16,97,151
418,98,125,239,261
418,30,126,59,160
418,56,152,88,188
418,15,157,47,187
418,66,200,98,227
418,134,287,184,323
418,87,290,117,321
418,0,422,37,469
419,341,0,392,31
419,33,17,97,152
419,393,23,438,59
419,12,128,61,189
419,89,132,187,325
419,185,141,239,186
419,55,158,90,190
419,71,207,104,235
419,569,240,614,281
419,612,273,660,314
419,690,331,719,367
419,0,421,49,468
420,360,1,409,40
420,33,20,94,148
420,11,127,60,187
420,89,131,185,323
420,177,148,232,189
420,56,154,89,189
420,72,208,104,236
420,3,413,61,460
421,12,20,92,188
421,89,130,185,323
421,57,155,89,187
421,203,157,231,190
421,78,213,108,239
421,16,413,69,457
422,343,0,407,39
422,29,21,90,148
422,14,127,61,189
422,89,129,186,324
422,57,156,90,188
422,24,412,80,455
423,369,8,415,45
423,27,20,90,133
423,15,126,60,192
423,84,126,184,324
423,57,157,89,189
423,213,183,239,215
423,613,274,660,314
423,30,414,84,457
424,26,18,87,132
424,82,122,184,322
424,16,127,57,191
424,58,155,89,187
424,217,198,245,228
424,35,416,90,459
425,24,18,84,131
425,110,121,194,278
425,14,127,56,192
425,57,154,89,187
425,220,213,246,243
425,135,262,183,322
425,79,275,112,314
425,36,420,91,464
426,24,19,84,161
426,110,123,187,279
426,57,155,90,189
426,16,164,50,195
426,136,266,187,324
426,82,276,115,321
426,38,429,94,476
427,21,19,82,160
427,81,122,184,321
427,57,152,88,188
427,15,163,50,196
427,594,260,634,296
427,135,286,185,324
427,33,436,89,479
428,441,0,484,33
428,20,18,81,160
428,58,151,89,187
428,15,163,49,194
428,136,287,185,322
428,29,444,83,479
429,17,17,80,160
429,104,120,205,295
429,57,148,87,185
429,15,162,49,194
429,135,286,185,321
430,15,15,79,160
430,103,113,199,296
430,56,148,84,185
430,16,163,49,194
430,135,288,184,321
430,0,426,59,479
431,15,18,78,160
431,103,113,194,324
431,53,148,82,188
431,15,165,50,196
431,0,280,16,327
431,0,406,44,479
432,341,0,406,40
432,13,18,78,158
432,406,32,437,59
432,101,122,191,325
432,15,151,80,197
432,617,379,655,408
432,0,392,38,479
433,12,13,76,194
433,100,119,189,322
434,340,0,438,60
434,12,18,75,199
434,100,121,187,327
434,517,203,561,242
434,578,249,658,315
434,689,332,719,363
434,689,432,718,457
435,10,18,72,195
435,116,118,186,244
435,98,246,185,324
436,340,0,407,40
436,12,17,74,197
436,101,121,189,326
436,0,281,57,479
437,7,17,72,164
437,108,118,187,322
437,14,162,52,196
437,0,284,59,479
438,339,0,392,32
438,10,19,75,163
438,403,30,447,65
438,102,121,190,327
438,17,167,54,201
438,0,285,71,479
438,617,379,657,408
438,679,433,718,461
439,6,17,71,160
439,99,117,188,323
439,15,161,48,196
439,0,286,77,479
440,444,88,493,133
440,510,105,669,208
440,15,164,52,204
440,289,185,325,208
440,342,185,390,227
440,404,185,505,252
440,645,234,690,259
440,0,288,85,479
440,613,381,656,412
440,676,434,719,464
441,5,18,69,151
441,102,117,186,325
441,12,159,47,196
441,0,283,90,479
442,442,88,496,133
442,12,162,52,205
442,659,378,695,408
442,612,382,658,411
442,676,434,719,464
443,4,19,58,149
443,104,117,188,325
443,11,160,47,197
443,9,283,104,479
444,4,23,58,151
444,106,123,162,255
444,11,161,50,203
444,19,257,187,479
444,665,315,719,365
444,611,381,655,409
444,677,433,718,461
445,4,23,106,156
445,118,69,157,93
445,83,108,166,253
445,13,161,49,206
445,22,263,189,479
446,339,0,444,66
446,2,22,57,154
446,101,109,161,257
446,531,111,574,147
446,610,161,645,191
446,10,162,48,208
446,509,199,565,248
446,28,265,185,479
446,671,321,719,371
447,0,30,377,259
447,358,205,390,230
447,200,209,227,236
447,657,234,692,293
447,35,266,185,479
447,280,316,318,356
447,648,345,674,374
447,614,382,658,416
447,341,395,372,421
447,144,398,177,438
447,685,434,719,463
448,0,19,56,141
448,95,120,160,255
448,9,160,42,199
448,39,271,173,479
449,336,0,438,61
449,678,107,719,131
449,447,108,484,132
449,659,234,691,260
449,51,268,167,479
449,655,312,680,353
449,616,377,660,410
449,681,433,719,461
450,0,24,55,206
450,531,111,576,148
450,92,122,161,251
450,577,140,641,188
450,52,268,156,479
450,663,314,719,370
450,611,381,654,409
450,158,421,192,466
450,675,434,719,462
450,199,458,234,479
451,0,20,56,200
451,92,114,156,244
451,62,271,169,479
451,199,445,251,479
452,0,161,50,211
452,354,205,392,231
452,644,233,691,263
452,64,256,203,479
452,235,258,277,304
452,279,315,330,372
452,648,345,674,374
452,321,368,369,420
452,658,378,707,412
452,612,383,657,415
452,676,434,719,466
453,88,109,150,244
453,557,110,610,151
453,620,148,692,211
453,470,230,503,256
453,618,262,659,298
453,70,266,181,479
453,260,267,309,323
453,673,303,713,339
453,312,334,357,385
454,337,0,445,73
454,292,76,323,102
454,160,161,223,237
454,356,205,389,232
454,643,233,691,266
454,647,345,673,378
454,659,378,705,413
454,612,382,656,416
454,686,434,719,463
454,164,436,203,479
455,0,30,67,129
455,81,112,147,261
455,12,161,45,205
455,647,170,679,211
455,50,272,184,479
455,229,443,280,479
456,339,0,439,63
456,0,25,78,160
456,315,102,354,127
456,678,107,719,131
456,531,111,582,152
456,47,127,190,479
456,10,168,42,205
456,685,331,719,364
456,611,382,655,410
456,686,434,719,460
457,0,28,64,160
457,47,127,200,479
457,12,161,44,203
457,227,456,267,479
458,338,0,439,62
458,0,26,73,143
458,532,111,575,147
458,44,122,207,479
458,577,140,641,188
458,11,169,43,205
458,505,195,562,244
458,663,314,719,370
458,611,381,656,410
458,688,434,719,459
459,0,26,51,139
459,45,130,143,329
459,12,165,45,201
459,119,299,217,479
460,3,0,38,24
460,0,25,46,85
460,0,86,76,142
460,520,105,574,147
460,42,134,141,331
460,577,140,642,189
460,9,159,50,206
460,643,233,688,258
460,111,300,221,479
460,669,320,719,371
460,611,382,654,411
460,689,433,719,459
461,0,29,46,79
461,0,88,42,156
461,45,130,144,328
461,12,165,45,201
461,134,299,233,479
462,0,26,42,82
462,0,86,42,204
462,547,120,578,148
462,42,131,140,325
462,602,268,657,315
462,122,300,237,479
462,114,303,140,330
462,611,381,654,409
462,675,434,717,462
463,0,25,43,81
463,0,88,45,202
463,45,128,142,329
463,146,298,247,479
464,0,27,23,63
464,13,55,40,85
464,292,76,324,109
464,313,103,356,128
464,334,185,371,209
464,449,200,498,230
464,644,233,690,260
464,112,301,250,479
464,612,382,656,413
464,676,434,719,464
465,0,22,41,80
465,0,87,44,198
465,44,123,139,328
465,146,295,257,479
466,0,26,21,62
466,13,58,39,88
466,0,86,49,205
466,43,129,265,479
466,644,233,688,258
466,612,382,656,410
466,686,435,719,460
467,0,21,46,84
467,0,87,44,198
467,45,122,138,334
467,147,294,271,479
468,0,89,28,170
468,43,129,136,340
468,602,156,669,204
468,2,169,43,203
468,493,186,531,221
468,604,270,660,318
468,146,301,276,479
468,611,381,653,409
468,675,434,719,462
469,0,24,31,75
469,0,90,47,199
469,46,127,139,337
469,152,298,284,479
470,0,96,47,200
470,43,130,138,340
470,579,140,621,175
470,492,185,555,238
470,576,248,650,309
470,161,303,289,479
470,676,323,719,361
470,611,381,654,409
470,688,434,719,458
471,0,95,49,199
471,46,129,138,339
471,170,301,297,479
472,0,105,46,197
472,44,127,140,337
472,176,300,301,479
473,0,104,45,200
473,48,130,140,339
473,184,303,311,479
473,681,433,719,460
474,46,125,139,336
474,0,132,40,195
474,190,299,314,479
475,0,111,38,197
475,50,126,140,337
475,199,301,320,479
476,339,0,437,61
476,541,117,572,145
476,49,129,139,340
476,0,167,32,198
476,219,303,325,402
476,208,407,307,479
476,684,434,719,460
477,51,123,140,334
477,0,163,28,192
477,237,298,329,398
477,231,406,315,479
478,50,128,139,338
478,7,129,33,157
478,241,302,337,398
478,236,407,317,479
479,54,126,139,337
479,248,300,342,398
479,242,404,323,479
480,53,127,142,337
480,249,301,345,396
480,245,406,326,479
481,59,126,144,336
481,256,298,353,398
481,253,404,337,479
482,58,127,142,337
482,257,299,355,399
482,254,404,339,479
483,62,129,144,338
483,264,299,358,398
483,258,396,346,479
484,64,128,138,339
484,262,300,360,479
485,67,128,138,338
485,264,298,365,479
486,67,130,138,340
486,268,300,368,479
487,65,127,136,336
487,268,298,372,479
488,67,128,138,339
488,275,300,380,479
488,374,457,412,479
489,65,128,137,337
489,274,299,382,479
489,373,458,412,479
490,66,128,137,339
490,280,302,390,479
490,374,458,412,479
491,66,126,137,278
491,74,279,124,337
491,282,300,396,479
491,371,457,412,479
492,0,47,23,83
492,65,127,137,337
492,285,301,409,479
493,0,52,28,83
493,65,126,136,336
493,285,300,408,479
494,65,128,136,339
494,288,303,416,479
495,64,126,135,333
495,286,297,420,479
496,291,77,323,103
496,611,162,644,191
496,432,202,474,226
496,469,207,508,254
496,660,234,693,279
496,590,260,647,309
496,285,305,427,479
496,649,345,676,372
496,616,382,659,414
496,686,435,719,463
497,14,76,50,101
497,63,122,135,333
497,285,297,431,479
498,64,128,136,338
498,283,303,436,479
499,63,125,135,335
499,278,300,440,479
500,63,128,136,339
500,277,303,444,479
501,62,123,135,333
501,276,298,447,479
502,338,0,394,36
502,392,26,437,62
502,316,104,356,128
502,521,106,562,140
502,62,130,135,340
502,601,156,638,187
502,644,234,687,258
502,274,305,448,479
502,611,382,653,410
502,153,412,190,462
502,687,435,719,460
503,62,122,135,333
503,274,298,454,479
504,406,36,438,64
504,453,109,494,132
504,448,200,479,227
504,644,234,689,259
504,593,263,659,319
504,273,307,452,479
504,120,349,152,389
504,611,383,655,412
504,148,403,202,479
504,675,435,719,465
505,63,119,140,330
505,274,295,456,479
506,392,110,421,136
506,644,234,689,261
506,273,307,455,479
506,647,345,672,373
506,121,350,152,389
506,612,383,655,413
506,148,403,202,479
506,686,434,719,462
507,214,71,245,94
507,64,127,133,336
507,275,302,456,479
508,292,77,321,101
508,32,178,58,207
508,359,207,388,231
508,645,235,690,264
508,274,308,455,479
508,649,345,673,375
508,661,379,697,412
508,613,383,656,416
508,686,434,719,463
509,65,125,131,337
509,275,302,456,479
510,360,5,395,36
510,22,108,60,131
510,142,108,185,132
510,229,109,267,132
510,65,128,131,341
510,273,304,454,479
510,613,382,656,410
510,690,434,719,459
511,339,0,393,34
511,66,128,132,340
511,274,306,457,479
512,66,124,130,335
512,272,300,453,479
513,36,68,68,92
513,463,109,495,133
513,448,200,496,230
513,643,234,688,260
513,274,307,452,479
513,665,318,719,373
513,611,383,655,412
513,685,435,719,462
514,70,119,130,330
514,274,296,444,479
515,402,31,437,61
515,68,128,129,338
515,273,303,437,479
515,121,350,149,383
515,155,416,202,479
516,72,127,131,338
516,275,300,439,479
517,70,127,128,337
517,275,301,438,479
518,337,0,395,36
518,405,34,435,61
518,314,103,344,127
518,228,109,267,132
518,71,131,129,342
518,276,303,434,479
518,614,382,657,411
518,678,435,719,463
519,69,121,128,332
519,276,295,430,479
520,66,127,127,339
520,275,300,421,479
521,60,125,127,335
521,276,297,416,479
522,27,37,53,67
522,56,130,127,340
522,275,299,408,479
522,689,434,719,459
523,52,127,127,337
523,273,295,401,479
524,340,0,381,26
524,26,68,68,93
524,48,130,127,340
524,271,301,394,479
525,46,126,125,335
525,269,294,391,479
526,42,128,125,337
526,264,296,385,479
527,41,128,126,338
527,263,297,382,479
528,39,128,126,338
528,258,297,376,479
529,37,129,126,339
529,257,295,371,479
530,38,127,127,338
530,251,298,367,479
531,38,126,136,335
531,248,296,365,479
532,36,128,136,338
532,245,299,365,479
533,0,26,20,63
533,43,128,136,338
533,247,299,366,479
534,0,28,25,80
534,40,128,140,338
534,240,300,370,479
535,0,27,26,60
535,36,128,137,337
535,232,298,372,479
536,0,28,20,66
536,39,130,139,339
536,242,299,375,479
537,0,27,25,57
537,36,128,137,337
537,223,297,375,479
538,19,0,57,22
538,0,28,29,62
538,40,128,137,337
538,0,167,24,200
538,226,297,378,479
539,0,25,27,61
539,0,123,30,199
539,40,127,136,336
539,220,295,376,479
540,0,12,29,58
540,0,121,37,202
540,43,129,135,321
540,220,298,379,479
540,77,307,125,340
541,0,27,31,75
541,0,123,40,198
541,43,127,125,336
541,217,293,377,479
542,0,11,41,57
542,13,65,43,97
542,291,78,355,128
542,21,108,59,132
542,0,124,18,171
542,48,134,126,342
542,0,169,43,204
542,516,206,557,242
542,644,234,689,259
542,216,300,379,479
542,686,333,719,372
542,612,383,655,411
542,155,416,202,479
542,687,436,719,461
543,0,1,49,81
543,0,125,43,197
543,45,125,125,336
543,217,291,379,479
544,2,68,40,95
544,429,201,509,255
544,356,206,386,230
544,644,234,689,262
544,214,302,377,479
544,647,345,672,375
544,660,379,697,412
544,611,383,655,415
544,687,435,719,463
545,0,4,65,85
545,290,61,320,84
545,0,92,41,196
545,38,123,120,333
545,213,288,374,479
546,0,21,59,66
546,1,65,37,92
546,147,108,185,131
546,33,135,126,342
546,613,163,642,189
546,0,170,42,206
546,498,191,554,239
546,213,294,375,479
546,667,318,719,370
546,614,382,655,410
546,686,435,718,460
547,0,21,61,70
547,0,91,41,203
547,24,132,121,340
547,211,284,372,479
548,8,0,62,88
548,0,92,42,203
548,23,134,125,341
548,216,284,255,329
548,212,297,368,479
549,2,31,33,56
549,406,36,438,65
549,342,71,385,97
549,0,88,126,347
549,532,109,581,139
549,584,110,618,135
549,387,112,417,136
549,661,236,690,261
549,208,287,247,329
549,213,298,371,479
549,614,383,656,413
549,687,435,719,462
550,20,0,52,31
550,32,36,63,70
550,0,91,125,345
550,200,278,239,327
550,211,298,366,479
551,0,0,52,74
551,0,90,121,343
551,195,278,236,327
551,209,293,369,479
551,245,383,270,415
552,0,15,126,346
552,194,281,232,331
552,208,298,368,479
553,4,7,59,78
553,0,89,121,342
553,696,138,719,172
553,192,274,228,327
553,203,292,368,479
554,337,0,388,33
554,0,24,67,85
554,0,89,126,347
554,145,108,185,132
554,689,141,719,176
554,196,283,225,325
554,204,299,367,479
555,47,7,79,46
555,5,29,36,75
555,0,92,30,129
555,684,114,719,169
555,0,130,120,339
555,199,290,366,479
556,56,22,88,57
556,10,48,40,87
556,0,89,126,350
556,271,109,310,133
556,680,120,719,173
556,661,235,691,260
556,201,300,368,479
556,616,383,657,412
556,687,435,719,461
557,59,12,95,50
557,0,26,37,78
557,0,89,120,341
557,672,114,719,167
557,196,292,366,479
558,63,20,99,54
558,8,24,47,84
558,0,90,121,344
558,672,114,719,167
558,197,297,368,479
559,61,15,95,51
559,0,27,37,81
559,0,88,116,347
559,669,114,719,171
559,193,298,365,479
559,154,415,196,474
560,61,6,95,47
560,6,23,49,74
560,0,91,115,346
560,671,114,719,169
560,195,298,367,479
561,6,28,36,73
561,344,71,381,95
561,526,73,556,96
561,0,90,108,349
561,668,114,719,174
561,644,234,688,259
561,184,283,208,319
561,192,299,366,479
561,612,388,643,412
562,57,0,89,39
562,4,43,35,72
562,0,92,104,344
562,667,125,715,170
562,180,269,207,316
562,189,297,366,479
563,57,0,88,40
563,670,17,695,46
563,5,28,48,71
563,695,35,719,114
563,0,90,94,347
563,667,117,719,174
563,179,269,206,319
563,190,298,367,479
564,55,1,88,40
564,669,12,696,40
564,689,38,719,117
564,6,45,43,94
564,39,46,67,74
564,0,90,86,348
564,665,124,717,176
564,173,270,203,321
564,189,298,367,479
565,55,0,89,34
565,689,30,719,110
565,4,43,67,83
565,0,91,76,347
565,667,122,718,170
565,172,264,202,316
565,188,292,369,479
566,337,0,389,34
566,56,5,88,43
566,391,27,443,67
566,685,35,719,120
566,8,45,43,81
566,294,77,323,102
566,0,90,72,352
566,314,104,355,128
566,518,106,600,165
566,665,108,717,179
566,598,155,643,191
566,508,200,540,230
566,644,234,688,259
566,577,252,651,313
566,167,271,199,324
566,186,301,369,479
566,102,314,135,356
566,669,321,719,372
566,612,387,645,412
566,155,416,202,479
566,687,436,719,461
567,55,0,90,34
567,683,17,719,110
567,13,38,66,85
567,0,90,68,342
567,666,123,715,167
567,166,261,199,310
567,184,289,371,479
568,8,28,43,84
568,666,151,702,184
568,356,206,390,231
568,644,234,689,263
568,75,263,107,303
568,169,271,203,322
568,186,303,373,479
568,648,346,672,375
568,668,383,696,412
568,612,385,656,415
568,687,436,719,463
569,53,0,89,34
569,679,0,719,114
569,8,36,66,85
569,665,124,714,167
569,178,265,212,303
569,186,289,376,479
570,680,6,719,123
570,296,88,343,128
570,583,110,619,133
570,667,149,702,181
570,198,262,235,311
570,186,302,379,479
570,613,383,656,413
570,687,435,719,462
571,52,0,88,38
571,0,31,58,90
571,0,89,64,345
571,666,123,715,172
571,221,258,262,303
571,192,294,381,479
572,689,3,719,123
572,52,8,88,46
572,668,123,715,175
572,200,271,385,479
573,687,0,719,122
573,49,3,85,41
573,0,30,52,82
573,0,88,64,342
573,665,121,715,172
573,205,280,384,479
574,670,0,719,172
574,49,4,86,41
574,0,29,52,83
574,0,88,66,344
574,212,296,390,479
575,664,0,719,174
575,47,5,83,38
575,0,30,50,82
575,213,299,392,479
576,677,0,719,121
576,46,4,82,39
576,0,30,49,87
576,0,88,66,344
576,665,124,714,174
576,219,298,398,479
577,679,0,719,120
577,45,2,80,38
577,666,123,715,175
577,222,292,400,479
578,677,3,719,122
578,47,6,79,37
578,0,29,46,83
578,0,87,23,133
578,665,122,715,177
578,0,137,65,347
578,224,280,402,479
578,112,333,141,368
579,41,0,78,37
579,689,0,719,114
579,0,32,44,126
579,669,125,712,168
579,0,127,66,339
579,223,259,407,479
580,664,151,700,183
580,450,202,508,255
580,643,234,688,262
580,233,256,291,317
580,223,306,408,479
580,646,346,672,374
580,668,383,696,412
580,611,384,654,415
580,687,436,719,462
581,37,0,74,36
581,680,0,719,112
581,0,31,40,124
581,667,123,715,168
581,0,130,66,341
581,226,261,265,307
581,221,295,414,479
582,681,3,719,121
582,43,7,72,37
582,667,125,713,177
582,0,139,67,347
582,589,259,633,298
582,204,276,242,324
582,222,302,416,479
582,689,334,719,370
582,688,435,719,459
583,695,13,719,112
583,0,27,24,67
583,0,71,18,126
583,28,71,66,95
583,666,122,718,176
583,0,126,66,347
583,188,290,227,339
583,224,300,421,479
584,0,33,36,123
584,0,134,64,348
584,667,135,702,177
584,266,297,425,479
584,176,301,217,363
585,611,80,642,103
585,614,165,646,197
585,474,211,504,254
585,645,235,690,266
585,232,310,428,479
585,167,341,213,390
585,648,346,672,375
585,613,385,655,418
585,689,436,719,462
586,34,0,67,32
586,366,0,404,22
586,683,8,719,84
586,659,58,688,87
586,643,129,699,209
586,473,229,504,255
586,235,292,433,479
586,166,342,210,390
587,35,27,65,57
587,0,32,23,65
587,666,155,708,188
587,354,206,391,234
587,197,211,224,240
587,645,235,691,269
587,234,259,280,311
587,245,310,438,479
587,648,346,674,379
587,661,380,697,414
587,612,385,657,420
587,693,436,719,463
588,31,0,68,32
588,562,111,613,151
588,665,129,710,163
588,618,144,689,210
588,494,163,536,194
588,359,207,397,235
588,472,228,504,256
588,90,265,128,316
588,249,288,441,479
588,672,301,719,350
588,612,361,653,390
588,163,398,218,479
588,689,437,719,462
589,35,28,69,63
589,0,40,25,97
589,575,60,607,97
589,665,161,705,191
589,182,198,224,244
589,350,205,393,238
589,644,234,691,273
589,233,262,279,315
589,275,315,447,479
589,612,380,700,436
589,684,436,719,479
590,32,0,73,30
590,291,78,323,103
590,0,109,67,333
590,664,124,699,160
590,157,129,215,194
590,353,207,397,246
590,233,227,263,258
590,472,227,504,255
590,257,258,315,326
590,276,286,449,479
590,664,289,719,348
590,619,354,652,384
590,668,388,698,415
590,657,426,687,452
590,689,437,719,462
591,337,0,443,79
591,42,28,70,62
591,0,46,22,97
591,667,154,698,194
591,349,205,396,234
591,193,215,222,245
591,645,235,692,290
591,236,265,269,306
591,272,303,455,479
591,619,384,660,427
591,669,385,696,415
591,689,436,719,462
592,41,0,75,33
592,524,58,589,100
592,659,60,687,86
592,114,113,147,138
592,375,113,418,141
592,72,114,103,142
592,148,114,178,140
592,449,114,495,142
592,643,118,718,209
592,473,229,504,255
592,298,299,457,479
592,213,436,256,479
593,336,0,443,70
593,43,22,76,56
593,0,38,26,88
593,665,126,714,185
593,614,165,645,195
593,361,207,390,231
593,660,236,692,267
593,77,266,110,309
593,305,301,462,479
593,102,316,145,376
593,649,346,672,376
593,614,385,658,417
593,150,409,202,479
594,45,2,78,37
594,0,29,24,63
594,665,117,719,173
594,313,297,460,479
595,47,18,80,54
595,0,39,29,85
595,22,109,59,135
595,584,111,614,135
595,391,112,418,138
595,531,113,560,142
595,666,125,715,183
595,507,201,546,236
595,659,236,691,264
595,577,253,657,319
595,317,300,461,479
595,658,315,719,373
595,615,385,656,415
595,427,398,456,443
595,689,436,719,462
596,49,0,83,37
596,0,30,24,66
596,34,62,66,94
596,0,67,15,120
596,666,118,719,172
596,318,294,455,479
596,428,409,458,445
597,336,0,444,72
597,50,20,84,57
597,0,44,30,86
597,293,78,323,102
597,664,124,717,186
597,560,134,600,166
597,0,136,76,358
597,611,164,646,197
597,359,207,389,231
597,474,210,505,254
597,645,236,691,267
597,319,298,464,479
597,278,314,305,342
597,648,346,673,377
597,615,384,656,417
597,465,425,505,454
597,689,436,719,462
598,51,0,88,38
598,0,31,86,85
598,348,57,389,83
598,405,60,439,83
598,479,60,523,87
598,567,60,623,92
598,557,111,611,153
598,664,124,715,165
598,0,132,64,337
598,620,149,691,211
598,186,170,223,195
598,494,170,540,211
598,472,231,503,256
598,607,255,658,299
598,93,270,128,316
598,312,285,480,479
598,667,300,719,352
598,562,317,624,371
598,624,365,655,391
599,686,0,719,113
599,668,17,697,50
599,55,23,90,59
599,0,34,37,90
599,664,156,709,185
599,352,206,391,233
599,645,235,691,266
599,279,299,496,479
599,540,302,591,352
599,648,346,674,376
599,613,380,698,429
599,687,437,719,477
600,56,0,94,37
600,685,0,719,105
600,665,125,712,163
600,0,130,73,333
600,639,160,690,211
600,359,209,397,235
600,463,221,502,256
600,528,246,570,286
600,94,273,127,315
600,316,278,492,479
600,167,410,208,468
601,670,14,698,47
601,61,22,96,58
601,686,31,719,118
601,14,57,38,86
601,356,206,393,231
601,658,236,692,266
601,319,292,497,479
601,102,316,135,356
601,648,346,676,376
601,661,380,696,411
601,614,385,658,415
601,155,416,183,448
601,687,437,719,463
602,61,0,100,39
602,362,0,405,25
602,683,0,719,107
602,0,87,23,117
602,560,112,607,150
602,664,124,714,165
602,0,131,81,335
602,627,153,689,210
602,496,206,528,233
602,360,209,394,235
602,472,230,502,256
602,313,280,445,479
603,336,0,444,73
603,65,26,103,62
603,14,54,40,84
603,293,78,323,103
603,665,152,705,186
603,607,163,650,217
603,359,207,389,233
603,455,209,504,255
603,646,236,691,267
603,278,271,472,479
603,648,346,674,378
603,614,385,657,419
603,670,385,697,413
604,683,0,719,111
604,65,3,104,42
604,2,41,66,85
604,0,86,25,122
604,664,122,718,167
604,0,134,86,342
604,618,150,676,193
604,429,206,456,233
604,312,280,442,479
605,65,19,104,56
605,10,24,49,98
605,683,26,719,120
605,392,28,441,66
605,0,88,104,355
605,519,106,556,137
605,665,109,716,181
605,448,110,486,134
605,559,131,603,167
605,614,165,671,207
605,467,210,508,254
605,388,211,431,249
605,659,236,691,262
605,308,285,445,479
605,613,383,657,413
605,689,436,719,462
606,66,4,104,43
606,683,15,719,111
606,4,23,54,79
606,0,87,27,124
606,664,118,718,169
606,0,133,89,344
606,352,208,395,247
606,306,276,448,479
607,66,12,104,50
607,6,24,56,78
607,0,88,28,131
607,666,122,719,177
607,0,133,89,353
607,301,287,449,479
608,67,1,104,42
608,666,4,694,36
608,4,21,55,79
608,0,88,28,125
608,664,121,717,170
608,0,133,89,347
608,308,255,347,281
608,298,282,447,479
609,681,3,719,115
609,66,8,103,48
609,5,23,55,74
609,0,88,28,129
609,664,122,718,176
609,0,134,88,352
609,292,266,446,479
610,665,0,719,111
610,67,5,104,44
610,6,22,56,76
610,0,88,29,128
610,664,125,713,173
610,0,134,89,350
610,290,281,439,479
611,680,2,719,116
611,66,6,103,46
611,6,23,56,73
611,0,88,29,129
611,664,122,718,176
611,0,134,88,352
611,284,291,423,479
612,65,2,104,38
612,4,21,56,80
612,0,86,30,128
612,667,122,717,172
612,0,136,88,348
612,280,291,404,479
613,66,6,102,44
613,0,23,56,131
613,665,121,717,175
613,0,136,88,351
613,276,295,396,479
614,65,2,103,40
614,5,22,55,80
614,0,89,30,127
614,667,122,717,171
614,0,136,91,347
614,270,296,377,479
614,381,394,417,435
615,66,8,103,47
615,666,13,691,48
615,6,23,54,74
615,0,88,30,131
615,664,122,717,177
615,0,136,93,353
615,262,307,369,479
615,383,417,428,458
616,64,1,102,40
616,664,9,692,42
616,3,24,52,79
616,0,88,29,125
616,664,121,717,169
616,0,137,94,345
616,253,302,363,479
616,376,415,427,458
617,64,8,102,46
617,667,15,695,51
617,6,25,50,83
617,0,89,29,130
617,668,122,717,174
617,0,136,100,351
617,243,308,341,479
617,370,416,423,461
618,686,3,719,116
618,63,10,102,48
618,7,25,50,73
618,0,89,28,130
618,665,122,717,175
618,0,136,103,352
618,233,305,335,479
618,362,411,417,454
619,671,0,719,110
619,62,3,101,43
619,8,42,37,84
619,0,88,27,124
619,663,123,715,170
619,0,136,104,346
619,220,299,323,479
619,352,403,407,447
620,681,9,719,121
620,63,21,100,56
620,293,78,323,102
620,0,86,62,136
620,314,104,357,129
620,688,121,717,153
620,0,136,106,359
620,664,150,699,183
620,612,164,643,193
620,495,191,559,246
620,658,236,691,263
620,212,307,325,479
620,614,384,656,415
620,343,398,398,458
620,689,436,719,462
621,358,0,447,53
621,691,0,719,110
621,60,2,101,38
621,0,32,32,75
621,34,43,65,85
621,0,86,26,122
621,557,113,605,152
621,664,126,712,166
621,0,136,107,342
621,618,150,674,192
621,203,292,310,479
621,613,368,654,397
621,332,407,387,450
622,61,21,100,55
622,404,35,443,67
622,0,57,61,134
622,446,89,473,134
622,595,110,633,133
622,688,123,715,153
622,558,130,600,165
622,0,137,111,356
622,667,152,706,180
622,613,164,645,192
622,412,201,454,228
622,661,236,691,260
622,193,304,317,479
622,612,384,656,413
622,322,422,377,465
622,689,437,719,462
623,689,0,719,109
623,61,8,101,47
623,5,28,34,80
623,0,87,27,124
623,666,126,712,169
623,0,137,110,346
623,188,293,367,479
624,687,5,719,117
624,61,14,98,52
624,4,26,33,83
624,0,88,25,127
624,664,122,715,175
624,0,137,112,352
624,180,295,353,479
625,684,4,719,115
625,61,15,100,52
625,4,45,33,83
625,0,85,26,128
625,664,126,712,175
625,0,137,111,351
625,174,293,341,479
626,682,0,719,111
626,62,8,100,46
626,0,38,33,82
626,0,88,26,124
626,664,126,711,170
626,0,136,110,347
626,169,285,331,479
627,681,13,719,121
627,63,21,100,58
627,389,27,443,69
627,520,107,559,140
627,664,126,713,182
627,564,135,604,168
627,658,237,691,262
627,567,245,643,308
627,164,297,331,479
627,614,385,656,414
627,690,436,719,461
628,679,2,719,109
628,63,5,101,47
628,6,41,61,79
628,0,87,26,125
628,0,136,109,347
628,665,137,699,170
628,155,285,328,479
629,675,10,719,121
629,63,21,101,53
629,7,43,38,77
629,0,85,28,131
629,0,136,111,353
629,667,149,703,177
629,148,296,323,479
630,672,2,719,122
630,65,7,101,47
630,6,42,38,86
630,0,85,27,124
630,663,126,710,170
630,0,134,109,347
630,140,290,318,479
631,670,10,719,122
631,65,15,103,52
631,7,26,48,83
631,0,87,28,130
631,0,136,110,352
631,664,147,700,175
631,136,297,312,479
632,668,8,719,122
632,66,11,104,49
632,7,26,49,83
632,0,88,29,127
632,664,126,710,174
632,0,136,110,350
632,126,296,305,479
633,667,11,719,122
633,66,15,104,51
633,7,26,50,83
633,0,87,28,129
633,0,134,110,353
633,664,146,699,176
633,675,204,719,232
633,120,300,296,479
634,666,7,719,122
634,66,11,104,48
634,6,42,39,81
634,0,88,27,127
634,0,136,108,349
634,663,142,699,173
634,591,212,645,246
634,105,299,285,479
635,668,13,719,123
635,66,18,104,54
635,8,26,50,78
635,401,32,441,65
635,292,79,323,111
635,0,88,28,131
635,0,136,110,355
635,664,150,699,180
635,523,233,576,264
635,588,259,616,286
635,111,307,270,479
635,614,383,654,411
635,688,436,719,461
636,668,0,719,114
636,66,5,104,37
636,3,32,65,80
636,0,88,28,123
636,0,138,107,345
636,664,139,698,170
636,459,239,505,272
636,93,297,256,479
637,337,0,393,36
637,668,9,719,122
637,65,17,104,54
637,7,26,50,77
637,392,27,443,66
637,0,88,27,131
637,156,108,188,132
637,0,136,110,355
637,664,150,696,179
637,599,155,648,193
637,403,262,451,296
637,94,307,235,479
637,667,318,719,370
637,614,382,656,411
637,687,436,718,461
638,656,0,719,111
638,65,6,103,37
638,7,40,39,84
638,0,87,28,123
638,0,136,106,345
638,666,138,698,166
638,348,269,395,299
638,88,299,226,479
639,592,22,623,54
639,63,23,101,59
639,1,54,36,81
639,664,153,697,184
639,354,206,390,232
639,644,235,690,264
639,279,299,342,378
639,79,307,221,479
639,648,346,673,376
639,661,380,696,412
639,612,385,656,416
639,689,437,719,464
640,666,0,719,107
640,61,2,101,38
640,391,5,428,37
640,31,42,79,84
640,181,59,219,82
640,482,60,512,87
640,569,60,617,92
640,0,86,23,122
640,662,133,696,166
640,0,136,88,342
640,188,169,215,196
640,251,291,306,327
640,73,293,214,479
640,316,337,356,382
641,337,0,443,71
641,668,11,719,122
641,63,26,99,62
641,0,85,47,137
641,488,88,561,142
641,442,91,494,140
641,307,104,345,131
641,0,137,103,363
641,665,150,698,186
641,614,166,644,195
641,659,236,692,269
641,68,301,206,479
641,249,314,307,367
641,648,346,673,376
641,614,385,657,418
642,671,0,719,110
642,61,7,97,47
642,0,36,29,64
642,356,58,399,83
642,482,61,510,87
642,0,89,24,120
642,663,135,697,169
642,411,257,479,306
642,295,332,345,373
643,673,6,719,119
643,61,24,98,61
643,394,29,434,62
643,0,31,32,76
643,316,103,346,128
643,584,111,624,134
643,0,141,221,479
643,576,141,640,189
643,666,148,698,181
643,660,236,693,263
643,616,384,658,414
644,671,0,719,113
644,56,22,89,53
644,0,38,28,69
644,0,88,25,125
644,0,134,242,479
644,662,140,697,172
644,631,234,665,261
644,277,401,305,428
645,675,0,719,118
645,55,22,89,59
645,0,24,36,78
645,0,88,26,130
645,0,142,242,479
645,666,143,699,177
645,251,408,290,450
646,675,0,719,116
646,0,22,32,130
646,47,22,79,61
646,664,127,710,180
646,0,137,232,479
646,243,406,285,455
647,676,0,719,116
647,0,23,28,131
647,40,28,69,59
647,665,142,698,176
647,0,143,225,479
647,236,404,282,438
648,681,0,719,117
648,0,23,24,53
648,32,24,60,57
648,0,92,26,129
648,664,127,710,175
648,0,141,210,479
648,228,401,274,437
649,682,0,719,122
649,395,30,434,63
649,0,143,199,479
649,664,145,698,180
649,613,388,644,413
649,206,407,257,449
650,683,0,719,118
650,664,138,700,171
650,0,139,188,479
650,183,404,237,443
651,683,0,719,122
651,298,78,343,128
651,518,106,557,138
651,24,109,60,133
651,559,131,603,167
651,0,140,146,479
651,663,149,705,180
651,613,164,648,194
651,613,384,656,412
651,178,421,213,457
651,688,436,719,461
652,691,15,719,117
652,660,135,697,169
652,0,136,161,479
652,145,410,179,446
653,0,147,153,479
653,665,147,701,178
653,616,383,657,411
653,137,426,180,471
654,662,123,716,174
654,0,136,150,479
654,132,439,168,477
655,703,15,719,71
655,662,127,712,172
655,0,138,139,479
656,663,124,718,170
656,0,141,131,479
656,0,160,26,188
657,669,116,719,171
657,0,141,124,479
658,682,122,719,167
658,0,138,121,479
659,304,88,342,127
659,0,145,122,479
660,0,139,128,479
661,0,140,129,479
662,0,144,129,479
663,0,140,131,479
664,673,0,706,22
664,0,138,132,479
665,675,14,707,49
665,34,69,66,96
665,0,155,203,479
665,434,174,458,203
665,183,193,225,239
665,350,206,392,234
665,645,236,691,268
665,235,260,266,293
665,279,317,338,384
665,648,346,675,378
665,342,397,371,424
665,678,437,719,477
666,679,4,711,30
666,520,84,552,112
666,562,112,615,153
666,0,129,138,479
666,615,143,690,210
666,492,157,549,215
666,183,166,221,193
666,355,207,396,249
666,473,228,502,255
666,665,296,719,351
666,611,361,653,391
666,667,389,696,414
666,695,423,719,460
667,694,25,719,59
667,0,152,146,479
667,414,202,512,267
667,354,206,393,232
667,646,235,692,265
667,648,347,674,375
667,660,380,697,411
667,613,385,658,416
667,340,396,370,422
667,155,416,183,448
667,694,437,719,475
668,689,16,719,43
668,0,138,149,479
668,635,158,688,210
669,696,28,719,64
669,0,147,152,479
670,0,140,156,479
671,365,0,393,34
671,395,30,425,57
671,380,111,418,136
671,0,148,109,356
671,614,165,644,192
671,580,254,612,284
671,610,277,656,317
671,34,329,158,479
671,612,384,655,412
672,656,61,685,87
672,0,135,97,345
672,624,152,688,210
672,616,263,658,300
672,39,318,158,479
672,612,365,653,394
673,0,153,111,361
673,351,206,392,234
673,646,235,692,284
673,279,318,307,344
673,50,322,186,479
673,648,346,676,377
673,661,381,705,412
673,613,386,671,429
673,689,438,719,476
674,560,112,612,153
674,0,131,92,340
674,615,144,688,211
674,492,168,536,194
674,358,208,396,234
674,603,252,665,304
674,669,301,719,353
674,46,315,169,479
674,612,363,650,392
674,178,433,206,465
674,395,442,431,479
675,381,22,442,68
675,585,111,622,134
675,72,112,102,135
675,384,112,427,136
675,563,134,604,168
675,0,150,88,358
675,614,166,647,194
675,645,236,690,262
675,581,256,643,308
675,51,319,174,479
675,683,332,719,368
675,613,385,656,414
676,0,142,97,349
676,52,325,178,479
677,0,143,88,351
677,51,327,179,479
678,0,144,89,350
678,52,327,177,479
679,0,146,88,353
679,52,335,174,479
680,337,0,383,28
680,0,151,93,354
680,55,335,175,479
681,0,144,88,346
681,52,334,173,479
681,204,433,252,474
682,0,153,91,351
682,51,337,189,479
682,204,424,251,463
683,0,161,90,356
683,569,245,610,283
683,53,343,192,479
683,614,388,644,413
683,211,404,242,440
684,482,61,510,87
684,0,153,90,346
684,643,165,675,210
684,670,305,707,338
684,48,334,209,479
684,613,366,652,395
684,200,367,243,396
685,0,168,92,363
685,182,190,228,239
685,679,191,719,214
685,276,192,311,215
685,344,192,391,234
685,645,236,691,267
685,234,258,271,299
685,0,264,215,479
685,278,316,329,374
685,648,346,674,378
685,661,381,699,413
685,612,386,657,418
685,341,396,382,424
685,678,440,719,469
686,690,19,719,48
686,556,60,594,85
686,307,98,338,122
686,618,149,688,211
686,0,155,89,340
686,183,169,222,194
686,359,210,391,234
686,167,328,219,372
686,47,337,213,479
686,611,365,648,394
687,660,34,703,66
687,304,88,345,128
687,0,167,93,355
687,159,334,212,379
687,51,349,216,479
688,620,28,665,65
688,0,191,41,260
688,0,259,89,352
688,149,327,198,368
688,44,351,210,479
689,592,28,631,72
689,0,216,33,254
689,0,256,50,316
689,36,310,78,348
689,139,323,188,364
689,41,346,204,479
690,556,46,597,84
690,525,74,562,98
690,645,236,690,267
690,75,263,110,309
690,0,269,60,358
690,278,316,329,373
690,103,318,174,363
690,648,347,672,376
690,38,364,210,479
690,614,386,655,417
691,523,39,567,82
691,0,264,34,348
691,260,267,291,300
691,118,301,158,342
691,316,339,354,381
691,37,348,204,479
692,606,164,648,217
692,358,208,390,233
692,197,211,225,240
692,645,236,691,268
692,234,259,263,289
692,38,315,215,479
692,278,315,336,382
692,648,347,674,378
692,668,384,696,413
692,613,386,657,419
692,341,397,370,424
693,559,112,613,153
693,158,137,186,167
693,617,144,687,211
693,359,208,396,234
693,228,229,256,258
693,271,282,302,315
693,99,284,126,315
693,663,297,719,354
693,40,303,209,479
693,329,356,359,386
693,608,360,651,393
694,350,206,393,233
694,200,211,227,238
694,646,236,692,268
694,46,317,224,479
694,648,346,676,376
694,41,347,78,391
694,661,381,697,412
694,614,385,659,417
694,341,397,373,422
694,691,439,719,474
695,355,57,393,82
695,482,61,510,87
695,409,94,444,124
695,60,337,228,479
695,18,361,53,406
696,382,113,421,157
696,69,335,197,479
696,10,401,56,444
696,191,409,240,464
697,394,29,441,66
697,443,72,483,113
697,504,106,546,134
697,644,110,685,133
697,563,133,603,167
697,355,141,397,175
697,613,164,645,192
697,518,207,562,246
697,666,318,719,371
697,74,337,124,379
697,97,366,249,479
697,613,384,656,413
697,16,409,72,464
698,290,60,318,92
698,328,143,371,179
698,84,301,252,479
698,43,398,96,443
699,315,104,354,128
699,515,105,546,132
699,163,109,193,132
699,562,133,602,166
699,612,163,645,192
699,307,181,344,213
699,494,189,558,243
699,96,296,203,479
699,663,316,719,372
699,60,337,106,392
699,612,383,654,411
699,206,436,256,479
700,286,188,324,229
700,94,312,259,479
701,34,71,65,97
701,140,74,171,97
701,528,74,561,97
701,614,167,643,212
701,644,235,690,263
701,337,247,390,300
701,96,309,274,479
701,103,317,143,372
701,662,318,719,375
701,613,386,656,415
701,225,445,258,479
702,608,11,635,41
702,353,58,389,83
702,480,60,509,87
702,621,151,678,210
702,516,190,582,244
702,579,245,666,307
702,99,284,127,317
702,95,317,305,479
702,357,343,403,382
702,230,436,258,464
703,102,380,243,479
703,227,456,258,479
706,94,374,239,479
706,242,436,299,479
707,355,206,390,232
707,645,236,691,265
707,75,261,108,304
707,279,316,307,344
707,103,317,145,376
707,648,346,674,376
707,104,382,242,479
707,613,386,657,416
708,660,48,707,87
708,559,114,607,153
708,618,150,674,210
708,187,171,218,196
708,102,289,133,327
708,97,367,256,479
709,392,28,440,66
709,670,43,708,76
709,644,110,685,133
709,615,165,646,193
709,100,381,242,479
709,612,384,656,413
710,674,16,712,48
710,100,370,236,479
711,553,12,583,38
711,694,16,719,47
711,402,32,431,59
711,113,377,239,479
711,623,382,654,410
712,525,4,557,28
712,113,369,240,479
713,498,0,531,24
713,113,364,240,479
714,336,0,438,67
714,479,0,512,30
714,114,110,145,137
714,151,110,182,136
714,660,237,691,267
714,658,316,719,367
714,126,367,240,479
715,456,0,488,27
715,29,72,66,97
715,345,73,380,97
715,120,367,239,479
716,119,358,239,479
717,392,27,437,63
717,516,108,563,141
717,611,162,644,191
717,455,203,500,230
717,580,253,621,289
717,619,282,660,318
717,130,366,240,479
717,614,383,658,412
718,122,354,239,479
719,126,359,239,479
720,518,105,546,131
720,563,133,603,167
720,612,163,645,192
720,494,189,568,250
720,578,252,660,319
720,661,314,719,371
720,131,367,238,479
720,613,384,656,412
721,355,58,387,82
721,269,59,330,95
721,481,60,511,86
721,618,150,688,210
721,492,169,533,196
721,184,170,217,195
721,124,351,238,479
721,622,366,652,390
722,611,162,643,190
722,667,318,719,368
722,132,370,233,479
722,623,382,655,410
722,295,441,326,464
723,133,370,238,479
723,290,413,333,456
724,287,15,317,40
724,0,130,34,164
724,127,362,234,479
725,0,30,27,125
725,275,32,304,61
725,12,146,62,176
725,612,163,642,190
725,507,198,563,246
725,661,314,719,369
725,268,356,308,387
725,136,374,233,479
725,614,383,657,412
726,0,31,23,68
726,257,31,288,62
726,0,89,26,122
726,698,110,719,143
726,37,133,83,169
726,244,325,298,376
726,137,365,237,479
727,0,29,42,85
727,246,41,272,71
727,0,91,25,124
727,654,104,691,133
727,58,135,103,167
727,229,320,281,362
727,135,360,313,479
728,0,32,55,129
728,619,102,651,126
728,71,131,118,168
728,211,317,259,354
728,130,361,321,479
729,402,32,433,60
729,0,38,54,138
729,581,106,621,134
729,61,122,127,176
729,191,314,236,354
729,127,361,323,479
730,3,32,76,130
730,548,97,583,122
730,66,123,132,171
730,167,300,210,342
730,126,350,320,479
731,0,41,137,179
731,511,105,548,133
731,130,309,321,479
732,0,41,137,178
732,484,105,519,137
732,136,328,323,479
733,0,47,108,161
733,446,114,490,142
733,83,121,137,178
733,139,312,326,479
733,79,320,128,365
734,30,53,138,179
734,414,123,451,151
734,139,299,327,479
734,60,327,119,371
735,247,20,280,55
735,0,48,117,165
735,89,117,136,178
735,383,127,428,158
735,151,274,190,321
735,160,300,324,479
735,60,309,121,362
736,559,60,591,83
736,0,124,49,157
736,89,128,135,168
736,358,128,399,160
736,627,155,688,211
736,494,168,529,195
736,88,232,133,313
736,158,285,323,479
736,611,365,650,394
737,338,159,373,195
737,184,193,227,241
737,350,206,392,233
737,49,212,76,243
737,646,236,692,288
737,235,259,263,289
737,152,296,325,479
737,278,315,336,382
737,648,346,676,380
737,341,395,370,425
738,353,58,390,98
738,90,114,136,183
738,360,208,432,253
738,160,257,328,479
739,40,33,114,130
739,90,132,135,182
739,680,217,719,250
739,307,274,350,324
739,408,305,456,368
739,156,317,303,479
739,287,365,311,394
740,442,72,563,143
740,661,81,691,105
740,578,144,646,194
740,495,191,557,243
740,646,236,692,264
740,161,317,322,479
740,323,338,362,367
740,648,347,674,374
740,613,385,658,415
740,407,396,458,447
740,689,437,719,463
741,39,27,116,122
741,0,129,28,159
741,89,130,134,170
741,155,334,375,479
741,395,422,437,467
742,695,23,719,58
742,40,27,117,125
742,117,111,148,137
742,4,123,48,159
742,91,128,136,176
742,156,337,344,479
743,0,32,116,170
743,358,206,392,232
743,645,236,691,265
743,75,261,108,304
743,102,316,141,368
743,648,347,674,375
743,153,348,375,479
743,613,385,658,416
743,0,403,34,426
743,691,438,719,463
744,88,124,135,170
744,577,124,610,153
744,621,150,688,211
744,469,168,517,195
744,359,208,395,233
744,630,273,665,305
744,150,337,362,479
744,610,363,651,393
745,338,0,387,32
745,37,18,107,122
745,397,30,441,65
745,84,122,137,182
745,11,128,51,169
745,153,339,263,479
745,255,387,349,465
746,33,19,104,122
746,405,35,441,65
746,73,117,136,181
746,14,129,57,170
746,588,259,647,309
746,155,347,265,479
746,624,383,654,409
746,256,403,338,475
747,29,0,98,119
747,73,117,130,167
747,28,134,55,162
747,154,334,270,479
747,249,397,330,466
748,29,7,95,117
748,68,122,123,175
748,13,129,52,168
748,151,341,314,479
749,28,8,91,119
749,65,125,113,182
749,13,129,53,173
749,149,345,307,479
750,23,0,87,121
750,100,39,140,69
750,141,334,300,479
751,21,7,85,117
751,100,45,139,75
751,12,147,38,174
751,40,148,86,181
751,139,343,293,479
752,18,0,82,108
752,96,33,135,65
752,11,133,74,176
752,133,338,287,479
753,15,0,80,107
753,92,30,132,64
753,10,125,61,178
753,131,338,279,479
754,14,0,78,104
754,90,27,127,59
754,9,125,48,168
754,128,335,272,479
755,14,0,77,103
755,87,26,125,60
755,3,140,41,176
755,128,334,255,479
756,14,0,74,104
756,85,25,124,60
756,1,141,41,178
756,128,335,252,479
757,8,0,70,103
757,79,27,119,61
757,0,139,41,178
757,126,334,245,479
758,8,0,69,97
758,79,21,118,56
758,0,128,37,170
758,126,328,252,479
759,78,41,116,75
759,183,192,224,239
759,358,208,390,233
759,645,236,691,267
759,234,258,263,289
759,279,317,338,385
759,648,346,674,378
759,342,397,369,424
760,0,108,38,173
760,559,112,609,151
760,625,152,679,210
760,493,167,536,195
760,607,255,658,298
760,686,314,719,352
760,123,328,248,479
761,14,4,61,72
761,70,38,109,73
761,0,67,32,110
761,3,142,42,182
761,118,326,246,479
762,0,9,62,107
762,70,49,108,79
762,2,109,29,137
762,0,147,42,182
762,118,332,239,479
763,0,20,49,110
763,63,43,103,83
763,0,134,40,180
763,104,330,252,479
764,0,3,58,108
764,61,56,94,81
764,0,137,41,179
764,96,326,233,479
764,229,437,259,466
765,0,16,60,186
765,246,70,344,134
765,504,105,545,134
765,464,111,496,134
765,615,165,645,192
765,646,236,690,261
765,580,254,614,285
765,613,279,648,311
765,97,339,262,479
765,613,384,656,412
766,0,0,56,105
766,47,49,91,84
766,0,124,35,168
766,71,326,232,479
766,225,422,280,465
767,0,7,54,78
767,54,60,87,84
767,0,126,32,177
767,71,331,232,479
767,227,429,284,468
768,0,38,44,80
768,297,78,343,133
768,514,106,543,134
768,17,110,60,134
768,562,133,603,167
768,0,154,26,184
768,612,163,646,193
768,512,203,555,241
768,662,315,719,372
768,64,336,286,479
768,613,384,656,412
769,0,0,49,106
769,40,50,87,84
769,291,60,324,95
769,627,156,664,187
769,0,189,27,272
769,51,326,290,479
769,611,367,646,395
770,337,0,387,31
770,0,29,38,79
770,406,35,435,61
770,0,196,34,318
770,589,259,621,289
770,53,335,287,479
771,2,40,28,68
771,39,59,71,96
771,0,198,40,314
771,46,335,282,479
772,0,30,29,111
772,42,59,80,83
772,0,127,45,270
772,26,276,62,321
772,40,328,286,479
773,338,0,384,30
773,396,29,445,67
773,3,40,28,71
773,0,136,77,324
773,585,257,659,318
773,677,326,719,371
773,34,340,282,479
773,611,383,654,411
774,0,140,87,324
774,28,336,281,479
775,0,11,33,34
775,0,145,85,321
775,19,337,275,479
776,0,71,18,119
776,0,158,89,329
777,38,59,83,97
777,0,133,85,325
778,0,146,88,330
778,7,337,248,479
779,504,106,563,143
779,151,109,195,134
779,563,135,603,168
779,0,158,87,330
779,602,158,666,206
779,685,187,718,210
779,644,235,689,261
779,75,261,111,310
779,0,314,251,479
779,611,384,655,414
780,42,61,79,84
780,0,134,88,318
780,0,340,251,479
781,405,35,441,65
782,0,12,25,53
782,0,344,242,479
783,392,29,439,66
783,299,104,344,133
783,0,164,41,198
783,512,204,556,242
783,0,230,63,329
783,586,259,652,314
783,663,316,719,372
783,614,385,655,412
784,0,135,33,175
784,0,218,39,320
784,0,346,234,479
785,0,143,33,185
786,0,133,29,171
787,0,129,20,169
788,27,36,56,66
788,0,360,201,479
789,0,28,37,74
789,0,361,203,479
790,12,47,41,72
790,0,368,196,479
791,0,363,190,479
792,19,26,46,54
792,0,367,184,479
793,18,16,48,46
793,0,66,21,114
793,0,367,174,479
794,0,0,60,50
794,0,65,21,109
794,0,366,163,479
795,0,0,63,60
795,0,60,24,112
795,0,365,158,479
796,31,0,62,26
796,0,23,37,117
796,0,367,144,479
797,0,65,25,160
797,0,366,138,479
798,0,66,27,94
798,0,110,20,157
798,0,366,126,479
799,0,25,25,90
799,0,114,25,155
799,0,363,118,479
800,0,61,27,91
800,6,133,34,161
800,0,366,105,479
801,0,60,26,90
801,0,363,98,479
802,0,61,29,90
802,0,365,89,479
803,0,61,26,89
803,0,368,80,479
804,0,27,30,85
804,28,139,55,168
804,0,369,76,479
805,0,26,30,67
805,28,135,54,167
805,0,383,67,479
806,0,25,30,66
806,28,134,55,168
806,0,387,64,479
807,0,24,31,69
807,29,138,55,170
807,0,390,60,479
808,0,29,30,64
808,0,394,51,479
809,4,68,32,113
809,27,134,55,166
809,0,394,50,479
810,337,0,389,34
810,389,26,444,68
810,0,27,27,67
810,0,82,24,118
810,315,104,354,128
810,517,105,546,131
810,562,133,603,167
810,614,164,646,193
810,494,189,540,230
810,75,261,108,304
810,103,317,153,391
810,665,318,719,372
810,611,384,654,412
810,0,402,40,479
810,160,425,186,455
811,0,64,23,105
811,25,131,55,161
811,0,398,36,479
812,338,0,432,60
812,29,144,56,171
812,578,252,660,319
812,685,332,719,371
812,0,410,26,479
813,0,69,19,109
813,8,140,54,169
813,0,415,21,479
814,0,136,38,169
815,0,112,33,168
816,0,112,26,173
818,41,60,71,83
819,693,8,719,48
821,696,20,719,55
822,699,24,719,60
823,337,0,380,27
823,582,4,611,30
823,686,4,719,28
823,389,25,436,62
823,582,254,643,306
823,616,386,647,411
824,699,6,719,59
825,534,6,563,33
826,507,7,535,34
827,486,7,520,31
827,0,25,20,80
828,465,13,493,40
828,0,25,20,81
829,450,23,478,50
829,0,30,25,59
830,429,19,457,44
830,3,42,31,71
830,0,132,28,160
831,395,29,444,67
831,0,30,42,96
831,299,88,359,133
831,3,146,41,177
831,625,384,659,412
832,0,31,45,77
832,3,138,35,168
833,7,24,54,87
833,0,92,22,122
833,4,143,38,173
834,0,19,56,118
834,3,140,36,169
835,0,23,62,148
835,316,104,359,129
835,69,112,101,147
835,4,146,42,180
835,616,165,644,191
835,512,203,548,235
835,685,332,719,371
835,614,384,658,414
836,0,21,63,104
836,593,55,622,81
836,3,136,34,168
837,0,22,67,180
837,386,26,444,70
837,519,107,557,139
837,563,135,602,168
837,615,166,644,193
837,662,238,691,262
837,587,260,643,308
837,613,385,656,415
838,5,20,70,115
838,0,118,34,166
839,338,0,381,28
839,0,20,73,297
839,522,75,557,101
840,16,4,75,114
840,0,114,45,294
841,0,7,80,304
842,20,4,85,115
842,462,93,491,118
842,0,131,75,306
843,23,0,90,110
843,0,138,88,305
844,28,0,94,110
844,0,137,59,313
844,60,141,109,170
845,34,0,98,110
845,403,121,435,148
845,68,124,119,169
845,0,134,68,329
846,42,0,104,109
846,77,123,128,171
846,387,128,421,163
846,0,155,85,334
847,44,0,106,112
847,82,122,129,170
847,372,144,401,171
847,0,157,94,332
848,57,7,113,123
848,314,104,346,128
848,24,110,69,160
848,382,112,427,137
848,82,126,131,181
848,354,165,389,191
848,616,165,645,192
848,0,169,116,342
848,451,202,500,230
848,662,238,692,262
848,610,276,651,312
848,621,384,656,414
849,65,0,120,108
849,379,3,408,30
849,20,117,54,157
849,0,127,143,326
849,618,150,674,192
849,339,164,370,193
850,31,3,121,166
850,0,129,170,341
850,324,188,355,222
850,662,315,719,372
850,615,384,654,412
851,76,0,125,123
851,43,123,72,158
851,0,128,186,337
851,310,201,342,231
852,78,0,128,112
852,51,124,80,150
852,81,128,128,173
852,0,179,192,347
852,293,217,324,249
853,84,0,131,117
853,64,122,131,172
853,0,186,208,353
853,285,237,312,264
854,86,0,138,117
854,74,118,129,174
854,8,194,208,360
854,269,256,296,287
855,89,0,143,122
855,82,118,134,172
855,20,198,226,357
856,92,0,145,115
856,82,129,149,174
856,31,206,254,359
857,98,0,152,114
857,448,155,489,184
857,43,208,264,358
858,101,0,159,113
858,83,130,130,171
858,135,136,178,165
858,52,205,245,357
859,106,0,161,118
859,82,130,129,176
859,153,138,187,163
859,58,207,239,361
859,596,265,632,298
860,103,0,168,111
860,156,129,199,160
860,84,130,130,169
860,65,195,245,354
861,114,0,168,118
861,679,50,714,75
861,83,130,129,175
861,160,133,200,162
861,67,196,235,361
862,117,6,172,118
862,85,114,138,177
862,151,118,190,158
862,115,193,215,363
862,71,298,113,331
863,126,0,176,113
863,85,130,128,171
863,158,131,195,160
863,70,179,211,359
864,129,0,184,114
864,94,115,147,169
864,164,135,202,164
864,108,175,213,360
864,72,301,112,330
865,131,0,186,115
865,100,125,136,169
865,68,170,213,361
866,138,0,191,112
866,108,121,142,165
866,68,132,211,358
867,141,0,196,112
867,68,113,212,358
868,145,0,198,111
868,62,113,204,355
869,151,0,204,120
869,62,123,202,352
870,155,0,206,122
870,56,124,191,356
870,589,259,621,289
871,160,0,212,115
871,97,125,210,351
871,55,277,103,324
872,161,0,212,117
872,162,130,226,169
872,52,150,192,349
873,167,0,219,116
873,52,155,195,351
874,168,0,223,117
874,160,133,187,161
874,207,135,257,168
874,54,153,193,354
875,172,0,227,116
875,218,127,266,167
875,160,131,188,161
875,53,155,192,354
876,175,0,233,115
876,159,130,189,161
876,233,131,281,165
876,55,153,189,353
877,179,2,237,116
877,230,118,287,166
877,51,153,182,354
878,187,2,244,114
878,241,121,297,165
878,161,128,192,161
878,55,150,180,349
879,188,6,247,115
879,242,117,300,166
879,158,126,192,162
879,51,148,172,348
880,194,5,255,115
880,248,118,305,168
880,159,128,193,161
880,53,145,167,346
881,194,8,261,116
881,253,119,309,170
881,159,127,195,161
881,52,139,161,346
882,202,14,270,121
882,159,115,209,162
882,256,117,312,174
882,52,136,159,345
883,205,16,275,117
883,160,113,215,158
883,263,122,315,170
883,48,126,150,337
884,162,22,283,159
884,265,117,313,174
884,39,128,150,337
885,218,20,293,119
885,168,115,216,161
885,270,116,316,171
885,39,118,146,330
886,171,30,313,178
886,314,104,354,146
886,516,105,558,139
886,35,123,144,334
886,563,134,602,167
886,609,162,645,193
886,664,318,719,373
886,104,319,162,409
886,610,387,645,412
886,155,417,199,479
887,223,21,312,164
887,34,108,141,319
887,175,126,205,152
888,338,0,397,39
888,179,32,313,176
888,34,121,137,328
888,516,205,550,236
888,588,259,654,314
889,183,32,314,176
889,32,122,135,328
890,230,28,317,123
890,183,113,235,161
890,29,116,135,320
890,270,124,314,166
891,186,37,321,176
891,29,130,136,329
892,185,37,325,172
892,30,129,138,327
893,236,35,326,170
893,187,113,242,165
893,30,129,138,323
894,187,38,329,173
894,38,132,141,324
895,239,42,332,171
895,189,113,249,166
895,70,130,141,267
895,44,266,109,321
896,238,42,331,173
896,185,113,245,166
896,49,126,141,319
897,241,51,334,172
897,188,114,247,167
897,57,124,143,321
898,239,47,331,173
898,186,114,246,167
898,61,121,141,319
899,242,43,331,123
899,62,116,142,313
899,188,119,238,165
899,271,124,315,171
900,242,50,332,174
900,190,113,249,168
900,63,118,143,321
901,241,48,330,171
901,62,113,149,319
901,190,114,248,166
902,243,44,329,171
902,73,114,148,258
902,191,119,240,167
903,191,51,326,174
903,62,117,151,318
903,117,276,170,321
904,244,44,325,171
904,195,113,249,166
904,78,115,152,268
904,125,263,181,318
904,63,283,110,315
905,242,41,321,170
905,80,114,153,268
905,193,118,245,164
905,127,262,185,317
905,62,282,109,314
906,244,40,321,174
906,197,115,250,168
906,100,119,191,321
906,64,284,109,318
907,242,38,317,171
907,101,116,192,317
907,195,118,245,164
907,63,278,109,315
908,241,33,315,173
908,107,118,193,319
908,193,118,245,166
908,65,279,114,316
909,240,29,313,123
909,110,115,195,319
909,194,118,245,165
909,272,124,315,170
909,69,277,109,314
910,338,0,380,27
910,238,31,314,178
910,192,118,246,172
910,110,122,195,327
910,72,278,116,319
911,238,23,308,123
911,114,115,176,255
911,271,124,317,170
911,193,128,239,164
911,146,286,198,320
912,194,26,372,178
912,504,108,559,140
912,75,110,179,320
912,581,256,656,318
912,144,263,194,329
912,105,320,162,409
912,668,321,719,374
912,611,384,655,412
912,155,417,194,470
913,233,9,299,119
913,401,17,437,48
913,118,112,197,317
913,271,123,316,167
913,194,125,243,163
913,621,152,674,192
913,93,261,124,294
914,229,18,315,180
914,296,88,372,133
914,16,110,53,134
914,100,110,184,305
914,196,120,245,176
914,452,203,498,231
914,644,235,689,261
914,145,296,195,329
914,103,317,144,374
914,612,384,655,413
914,160,426,186,455
915,222,1,292,113
915,122,112,192,317
915,268,123,313,166
915,194,125,241,164
915,107,263,142,307
916,222,6,314,176
916,117,121,195,327
916,194,124,241,173
917,216,0,285,113
917,127,115,196,321
917,268,117,312,169
917,194,125,240,168
918,214,0,281,117
918,264,117,314,172
918,136,120,197,325
918,196,124,242,172
919,204,0,274,111
919,136,115,239,321
919,264,117,309,165
920,199,0,272,115
920,264,118,305,168
920,142,124,242,325
921,193,0,268,113
921,143,120,240,323
921,259,122,296,165
922,186,0,266,111
922,143,124,240,322
922,252,129,289,163
923,182,0,262,114
923,153,125,249,321
923,247,131,282,161
923,144,289,193,322
924,175,0,258,120
924,359,6,435,62
924,315,103,353,127
924,155,119,276,326
924,143,258,193,326
924,75,261,115,317
924,102,315,153,391
924,675,325,719,372
924,155,417,194,470
925,172,0,256,113
925,165,117,268,320
925,145,262,193,320
926,166,0,251,121
926,163,124,259,326
926,143,260,193,325
927,146,0,257,327
928,161,0,245,110
928,146,118,257,322
929,160,0,242,111
929,148,118,255,324
929,0,444,30,479
930,162,0,240,112
930,153,117,257,324
930,0,444,40,479
931,161,0,235,116
931,157,117,254,327
931,0,445,42,479
932,161,0,234,119
932,164,119,257,326
932,163,269,201,320
932,0,440,48,479
933,163,0,233,116
933,154,122,259,322
933,210,293,255,324
933,0,447,52,479
934,162,0,231,115
934,148,122,264,326
935,169,0,228,114
935,181,121,258,326
935,142,130,185,161
936,164,0,217,115
936,184,122,265,329
936,138,133,182,161
937,160,0,214,111
937,193,120,268,285
937,140,132,185,160
937,190,287,257,329
938,157,0,216,115
938,190,113,264,294
938,190,296,251,335
939,153,0,209,110
939,191,119,256,330
939,138,132,185,160
939,0,340,26,383
940,151,0,204,113
940,193,124,265,336
940,139,138,183,164
940,0,342,33,392
941,146,0,200,110
941,188,122,257,334
941,139,135,183,162
941,0,305,38,394
942,143,0,197,109
942,140,123,264,337
942,0,304,45,409
943,139,0,194,106
943,138,121,256,335
943,0,300,50,409
944,138,0,194,108
944,139,123,267,338
944,0,301,56,479
945,136,0,193,116
945,139,124,259,337
945,0,301,61,479
946,135,0,192,109
946,194,127,255,340
946,138,129,189,164
946,0,301,65,479
947,132,0,191,164
947,194,124,257,337
947,0,300,72,479
948,121,0,189,120
948,55,46,86,73
948,191,126,254,339
948,123,133,182,166
948,0,299,73,479
949,98,0,187,119
949,50,36,85,65
949,193,125,259,337
949,0,301,83,479
950,91,0,184,122
950,44,29,80,59
950,190,128,255,340
950,0,302,83,479
951,88,0,184,120
951,50,23,80,50
951,192,127,258,338
951,156,132,186,160
951,116,133,147,165
951,0,301,90,479
952,83,0,179,123
952,190,128,254,339
952,0,301,94,479
953,82,0,176,123
953,48,10,77,37
953,189,128,253,338
953,0,301,98,479
954,80,0,175,107
954,48,6,78,37
954,114,126,183,166
954,189,128,250,339
954,0,302,103,479
955,78,0,171,109
955,51,6,77,35
955,113,124,178,167
955,187,130,248,339
955,0,303,107,479
956,78,0,172,109
956,51,6,80,38
956,115,122,175,166
956,186,129,248,339
956,0,303,112,479
957,78,0,169,109
957,48,6,79,35
957,115,120,168,166
957,183,128,245,338
957,0,302,115,479
958,78,0,167,108
958,51,7,80,34
958,115,127,154,164
958,176,128,245,337
958,0,301,118,479
959,96,0,166,114
959,51,24,84,51
959,114,126,156,171
959,171,134,251,344
959,0,303,124,479
960,78,0,159,122
960,51,13,80,49
960,97,125,145,164
960,158,127,243,336
960,2,298,123,479
961,92,0,161,110
961,48,24,81,58
961,88,130,148,169
961,153,132,241,341
961,12,301,127,479
962,87,0,157,107
962,44,29,79,60
962,145,130,242,339
962,15,299,125,479
963,86,0,158,122
963,43,36,79,65
963,140,129,243,338
963,72,130,115,161
963,116,134,147,165
963,22,299,129,479
964,83,0,153,108
964,44,47,75,73
964,67,132,104,163
964,135,132,241,340
964,115,135,147,167
964,22,301,132,479
965,79,0,152,107
965,64,132,98,164
965,128,132,243,338
965,115,133,146,166
965,29,301,134,479
966,77,0,149,108
966,63,117,99,165
966,116,135,147,166
967,75,0,146,109
967,61,133,92,166
967,114,135,146,167
968,49,0,143,107
968,63,133,94,165
968,116,134,148,165
969,49,0,137,109
969,60,135,91,167
969,113,135,145,167
969,39,139,210,479
969,75,261,108,305
969,603,270,634,299
969,189,272,242,339
969,155,417,188,460
970,56,0,137,107
970,63,132,94,164
970,115,132,147,164
971,53,0,131,110
971,44,134,202,479
971,60,135,92,167
971,183,262,244,340
971,155,417,186,455
972,58,0,132,107
972,47,133,199,479
972,63,133,94,166
972,177,261,247,334
973,55,0,127,107
973,49,133,243,479
973,61,134,91,167
974,54,0,127,107
974,52,133,245,479
974,62,133,94,168
975,51,0,126,105
975,54,132,240,479
975,61,133,93,167
976,48,0,124,105
976,56,132,234,479
977,47,0,124,106
977,59,132,229,479
978,44,0,123,121
978,60,132,221,479
979,41,0,123,121
979,61,133,214,479
980,38,0,126,105
980,62,132,207,479
981,35,0,130,105
981,62,132,120,167
981,73,135,201,479
982,32,0,131,123
982,73,131,196,479
982,61,132,119,166
983,32,0,133,122
983,62,132,119,166
983,76,133,201,479
984,30,0,133,123
984,73,131,204,479
984,61,132,118,166
985,30,0,134,123
985,74,129,208,479
985,62,132,119,165
986,29,0,133,123
986,73,129,209,479
986,62,132,118,165
987,30,0,133,106
987,660,122,696,148
987,61,131,118,167
987,74,131,210,479
988,30,0,131,104
988,74,129,212,479
988,62,130,120,165
989,31,0,130,122
989,595,118,626,143
989,75,130,213,479
989,61,131,118,166
990,33,0,128,107
990,63,127,120,168
990,77,132,215,479
991,31,0,118,122
991,75,125,213,479
991,60,128,117,162
992,35,0,118,122
992,506,123,543,149
992,78,132,215,479
992,62,133,119,168
993,36,0,120,122
993,487,128,515,154
993,78,134,215,479
993,62,135,120,168
994,47,0,111,119
994,78,125,214,479
994,60,126,117,161
994,454,126,489,152
995,52,0,113,111
995,391,26,429,58
995,63,127,121,171
995,81,135,223,479
995,440,140,467,169
996,48,0,115,123
996,61,126,117,163
996,115,133,222,335
996,407,140,442,167
996,79,337,210,479
997,51,0,117,122
997,62,132,119,168
997,80,134,230,479
997,389,152,419,181
998,42,0,114,120
998,60,129,118,163
998,116,135,233,336
998,366,159,394,185
998,79,341,209,479
999,50,0,116,122
999,349,0,431,60
999,62,134,120,170
999,119,137,237,344
999,585,257,615,285
999,83,345,209,479
1000,49,0,112,122
1000,61,127,118,165
1000,115,135,236,337
1000,82,342,207,479
1001,50,0,111,122
1001,62,131,119,168
1001,86,138,239,479
1001,305,196,334,225
1001,117,270,164,340
1002,43,0,115,122
1002,62,133,119,168
1002,117,138,237,343
1002,288,209,318,236
1002,88,344,210,479
1003,45,0,115,122
1003,62,129,118,164
1003,94,137,238,479
1003,269,214,302,246
1003,229,451,272,479
1004,46,0,112,122
1004,62,134,118,167
1004,97,138,238,479
1004,259,225,289,252
1005,45,0,112,106
1005,62,133,119,166
1005,105,135,237,479
1005,248,225,279,252
1005,249,447,287,479
1006,45,0,111,122
1006,62,131,119,165
1006,110,134,238,479
1006,239,225,268,253
1006,248,443,293,479
1007,44,0,116,106
1007,60,132,118,166
1007,142,134,237,341
1007,228,230,258,256
1007,115,342,248,479
1007,251,439,301,479
1008,43,0,112,106
1008,63,130,120,164
1008,149,132,239,340
1008,224,232,250,259
1008,122,344,254,479
1008,261,431,315,476
1009,44,0,114,108
1009,60,132,118,168
1009,144,137,240,343
1009,125,350,255,479
1009,267,429,321,470
1010,42,0,113,122
1010,63,129,122,164
1010,144,132,238,339
1010,127,347,258,479
1010,278,424,333,468
1011,42,0,114,105
1011,60,131,120,165
1011,141,134,236,341
1011,127,351,257,479
1011,285,424,339,469
1012,43,0,114,106
1012,143,133,239,340
1012,132,351,263,479
1012,297,421,354,468
1013,43,0,112,108
1013,142,136,237,344
1013,111,332,148,382
1013,133,357,263,479
1013,304,427,360,471
1014,45,0,115,120
1014,143,133,239,340
1014,133,353,265,479
1014,314,425,370,470
1015,46,0,115,122
1015,142,135,240,342
1015,135,356,265,479
1015,320,429,376,472
1016,47,0,116,122
1016,142,133,237,340
1016,133,354,282,479
1016,324,427,380,472
1017,50,0,116,122
1017,63,131,130,170
1017,144,135,239,343
1017,137,358,286,479
1017,333,428,388,472
1018,49,0,117,122
1018,61,131,127,169
1018,142,134,240,342
1018,134,359,287,479
1018,333,427,388,471
1019,51,0,120,123
1019,62,130,129,168
1019,144,132,244,340
1019,136,361,290,479
1019,337,424,393,470
1020,50,0,119,122
1020,61,129,127,168
1020,142,132,245,340
1020,133,360,292,479
1020,338,426,393,472
1021,56,0,120,112
1021,404,34,436,62
1021,61,131,128,173
1021,144,138,246,345
1021,135,368,293,479
1021,341,435,394,472
1022,51,0,124,105
1022,144,132,244,338
1022,132,360,297,479
1022,342,432,395,472
1023,52,0,120,109
1023,59,131,126,170
1023,142,137,241,342
1023,77,266,110,309
1023,103,317,148,383
1023,133,366,291,479
1023,339,438,392,472
1024,53,0,123,107
1024,62,131,128,168
1024,145,135,242,339
1024,133,360,295,479
1024,341,435,397,472
1025,53,0,122,110
1025,60,131,126,170
1025,142,138,237,342
1025,133,362,288,479
1025,340,439,392,479
1026,53,0,124,110
1026,61,131,128,170
1026,144,139,238,341
1026,133,360,289,479
1026,339,438,392,472
1027,53,0,125,111
1027,62,133,128,170
1027,144,138,237,342
1027,133,360,287,479
1027,340,441,390,479
1028,52,0,129,109
1028,64,132,128,168
1028,145,136,232,339
1028,136,359,287,479
1028,340,440,390,479
1029,52,0,124,109
1029,144,136,231,339
1029,137,360,286,479
1029,340,440,389,479
1030,54,0,124,112
1030,68,134,128,173
1030,144,141,234,344
1030,138,359,287,479
1030,341,441,388,479
1031,51,0,122,109
1031,67,130,127,168
1031,143,137,236,339
1031,136,358,288,479
1031,335,433,391,472
1032,53,0,123,112
1032,69,136,128,173
1032,143,145,240,344
1032,140,358,289,479
1032,338,435,392,472
1033,50,0,122,110
1033,67,126,127,170
1033,141,144,242,341
1033,141,357,291,479
1033,336,428,392,472
1034,49,0,119,107
1034,67,135,128,170
1034,138,147,246,340
1034,140,353,296,479
1034,337,422,392,468
1035,49,0,120,107
1035,68,126,129,170
1035,139,150,250,341
1035,143,353,296,479
1035,339,420,393,465
1036,48,0,123,107
1036,67,125,128,169
1036,138,156,252,340
1036,143,351,299,479
1036,338,421,394,467
1037,52,1,119,109
1037,68,125,128,170
1037,139,160,254,341
1037,146,354,298,479
1037,340,423,396,469
1038,44,0,120,104
1038,65,130,126,167
1038,137,164,253,338
1038,138,347,300,479
1038,338,421,394,467
1039,52,0,121,109
1039,69,125,131,171
1039,140,172,258,343
1039,147,352,305,479
1039,343,425,399,471
1040,43,0,120,106
1040,67,125,130,169
1040,139,174,256,341
1040,143,351,302,479
1040,341,420,397,466
1041,42,0,119,105
1041,139,177,257,339
1041,143,349,305,479
1041,343,421,399,467
1042,43,0,120,109
1042,68,127,135,170
1042,141,183,259,342
1042,147,351,305,479
1042,343,424,399,469
1043,37,0,121,122
1043,132,183,257,339
1043,144,349,307,479
1043,341,420,397,466
1044,39,0,120,109
1044,134,191,258,342
1044,146,350,305,479
1044,344,423,399,469
1045,35,0,119,106
1045,131,192,256,340
1045,145,349,306,479
1045,341,422,397,467
1046,36,0,119,107
1046,68,131,137,170
1046,131,195,255,340
1046,146,349,306,479
1046,343,422,398,468
1047,34,0,129,108
1047,68,132,139,172
1047,131,199,255,341
1047,145,349,305,479
1047,343,422,398,468
1048,35,0,123,108
1048,68,132,139,173
1048,130,200,253,341
1048,145,348,306,479
1048,341,422,398,467
1049,34,0,130,108
1049,68,132,138,171
1049,130,202,252,340
1049,145,348,306,479
1049,342,421,398,467
1050,34,0,119,122
1050,68,132,138,171
1050,128,205,250,340
1050,143,346,305,479
1050,341,421,397,467
1051,34,0,129,122
1051,128,205,248,339
1051,143,346,308,479
1051,340,420,396,465
1052,35,0,129,108
1052,69,132,139,172
1052,129,207,249,340
1052,144,347,306,479
1052,342,420,398,466
1053,36,0,124,108
1053,125,207,245,340
1053,142,347,305,479
1053,339,420,395,465
1054,35,0,121,109
1054,68,132,139,174
1054,126,206,246,342
1054,142,345,306,479
1054,340,419,397,464
1055,36,0,131,108
1055,68,132,138,171
1055,124,207,245,340
1055,142,346,304,479
1055,339,416,396,462
1056,35,0,122,108
1056,68,133,138,172
1056,139,262,213,341
1056,142,345,303,479
1056,338,416,396,462
1057,35,0,131,109
1057,68,126,140,171
1057,123,205,244,340
1057,142,345,291,479
1057,339,414,395,460
1058,35,0,122,108
1058,121,206,242,340
1058,140,346,286,479
1058,336,414,393,460
1059,35,0,131,108
1059,68,126,139,171
1059,122,203,243,339
1059,141,344,288,479
1059,336,412,394,458
1060,38,23,123,110
1060,120,203,241,342
1060,138,346,281,479
1060,333,415,391,461
1061,38,0,131,108
1061,120,199,242,340
1061,139,344,285,479
1061,333,412,390,459
1062,38,21,123,110
1062,117,198,239,341
1062,136,344,280,479
1062,327,413,385,458
1063,42,0,124,121
1063,119,191,240,337
1063,135,342,280,479
1063,327,408,384,454
1064,36,0,128,109
1064,116,189,237,261
1064,138,262,200,340
1064,132,344,270,479
1064,319,410,377,456
1065,37,0,136,123
1065,118,182,239,337
1065,132,343,268,479
1065,316,406,375,451
1066,37,0,134,110
1066,67,126,137,173
1066,115,180,234,340
1066,129,346,240,479
1066,307,408,365,454
1067,39,0,126,108
1067,114,174,233,336
1067,124,343,241,479
1067,305,405,360,451
1068,37,0,127,122
1068,68,127,138,171
1068,115,168,230,252
1068,111,249,189,336
1068,121,345,233,479
1068,292,406,348,452
1069,53,2,128,112
1069,68,125,138,174
1069,114,168,226,259
1069,114,257,174,340
1069,151,300,189,333
1069,117,343,148,382
1069,118,347,233,479
1069,280,413,337,457
1070,51,0,128,122
1070,112,158,223,302
1070,141,297,188,329
1070,92,302,136,327
1070,114,346,229,479
1070,267,406,321,452
1071,40,1,131,111
1071,67,125,137,173
1071,106,157,216,304
1071,138,299,187,331
1071,85,301,123,338
1071,102,358,220,479
1071,250,407,310,454
1072,50,0,129,122
1072,111,150,214,328
1072,104,268,139,303
1072,84,300,121,334
1072,96,352,217,479
1072,238,401,298,439
1073,346,0,396,38
1073,51,2,128,114
1073,67,125,137,175
1073,108,152,207,296
1073,584,257,634,301
1073,74,261,138,343
1073,150,300,188,333
1073,81,342,200,479
1073,220,406,284,453
1074,51,0,130,110
1074,108,145,203,328
1074,102,269,135,302
1074,83,302,122,338
1074,69,361,198,479
1074,211,402,268,447
1075,52,1,130,113
1075,146,147,199,188
1075,104,179,172,296
1075,101,271,133,305
1075,140,298,189,333
1075,83,307,125,342
1075,55,365,190,479
1075,189,404,243,454
1076,51,0,141,122
1076,101,141,193,296
1076,83,264,137,337
1076,139,295,189,328
1076,36,363,180,479
1076,173,401,223,448
1077,346,0,388,33
1077,54,2,131,114
1077,387,24,435,62
1077,69,139,189,262
1077,139,263,163,293
1077,101,264,136,304
1077,142,299,190,334
1077,83,309,127,344
1077,21,370,169,479
1077,171,402,208,442
1078,50,0,132,107
1078,66,131,182,254
1078,134,291,187,326
1078,80,300,121,334
1078,2,360,171,479
1079,53,1,132,113
1079,68,136,180,261
1079,100,272,129,302
1079,131,298,184,332
1079,84,307,124,341
1079,0,364,182,479
1080,52,1,134,114
1080,67,136,174,265
1080,98,266,172,333
1080,82,306,127,344
1080,117,343,148,382
1080,0,362,177,479
1081,52,0,134,109
1081,67,130,169,253
1081,82,263,164,337
1081,0,361,167,479
1082,53,0,131,113
1082,67,135,167,290
1082,0,352,151,479
1083,53,2,133,112
1083,68,125,165,258
1083,83,262,150,341
1083,0,357,133,479
1084,53,0,131,122
1084,68,131,167,337
1084,0,347,118,479
1085,53,1,134,122
1085,67,130,166,341
1085,0,347,102,479
1086,54,0,131,111
1086,79,129,169,340
1086,68,136,98,169
1086,0,352,93,479
1087,55,1,131,113
1087,76,131,171,343
1087,68,136,98,171
1087,0,355,79,479
1088,55,0,131,122
1088,68,127,173,338
1088,0,347,65,479
1089,56,1,130,112
1089,67,130,173,269
1089,75,280,124,342
1089,0,355,52,479
1090,45,0,130,108
1090,68,125,148,336
1090,139,213,176,239
1090,0,360,41,454
1091,58,1,130,115
1091,316,104,353,127
1091,67,131,146,269
1091,139,212,178,244
1091,75,275,125,343
1091,0,375,29,444
1092,47,0,130,122
1092,68,124,147,269
1092,144,207,181,236
1092,76,273,121,335
1092,0,375,21,430
1093,60,2,129,117
1093,67,132,144,346
1093,137,202,185,238
1093,118,345,148,382
1094,61,0,129,111
1094,67,126,157,271
1094,162,200,188,228
1094,75,271,122,338
1095,45,0,129,110
1095,67,126,191,338
1096,46,0,129,110
1096,67,126,196,337
1097,58,1,129,114
1097,67,130,141,341
1097,118,345,148,382
1098,43,1,140,122
1098,67,122,185,336
1099,45,0,131,122
1099,67,126,184,340
1100,58,2,130,113
1100,69,128,184,340
1101,44,0,131,121
1101,65,122,165,334
1102,44,1,131,112
1102,69,127,190,339
1103,57,2,132,114
1103,156,129,189,162
1103,66,130,166,341
1103,116,342,148,383
1103,156,420,186,456
1104,57,0,132,122
1104,69,119,181,334
1105,56,0,131,114
1105,66,133,160,341
1105,124,358,161,408
1105,155,419,186,456
1106,55,0,133,117
1106,145,116,171,144
1106,69,133,159,341
1107,51,0,133,112
1107,67,126,157,338
1108,50,0,133,114
1108,67,129,158,340
1108,113,299,149,332
1109,49,0,136,117
1109,68,128,160,340
1110,46,0,137,122
1110,66,127,159,338
1110,116,276,166,331
1111,46,5,75,37
1111,67,6,143,116
1111,69,129,155,340
1111,123,265,178,334
1112,55,5,143,112
1112,38,6,69,35
1112,66,124,156,336
1112,124,274,181,329
1113,57,11,146,116
1113,39,23,69,49
1113,69,122,155,340
1113,129,264,189,333
1114,38,7,152,113
1114,66,121,161,338
1114,128,264,190,331
1115,36,7,150,114
1115,67,121,163,339
1115,129,261,192,331
1116,36,6,151,113
1116,67,123,192,338
1117,38,13,153,116
1117,68,125,192,341
1118,39,6,154,112
1118,67,122,192,331
1118,70,282,115,336
1119,48,7,156,113
1119,67,122,191,333
1119,70,270,116,338
1120,58,13,159,115
1120,68,119,192,334
1120,71,257,119,339
1121,68,12,161,114
1121,67,118,193,334
1121,71,262,119,339
1122,68,10,162,112
1122,67,116,198,332
1122,70,257,121,337
1123,71,13,163,114
1123,68,118,205,333
1123,71,263,124,338
1124,88,22,162,117
1124,172,119,215,172
1124,68,124,191,336
1124,71,265,121,341
1125,87,12,155,116
1125,67,122,223,334
1125,71,263,130,339
1126,83,12,150,117
1126,175,127,231,179
1126,68,133,193,335
1126,72,263,132,339
1127,85,6,146,116
1127,172,130,237,182
1127,67,131,190,332
1127,72,263,134,336
1128,86,5,144,119
1128,67,130,193,334
1128,178,138,241,185
1128,73,265,139,339
1129,85,5,139,122
1129,67,128,192,335
1129,219,147,247,175
1129,178,166,217,190
1129,81,219,111,250
1129,74,268,141,339
1130,83,3,143,122
1130,65,126,187,336
1130,225,154,254,182
1131,85,5,177,116
1131,67,125,193,340
1132,83,1,154,112
1132,67,125,190,335
1133,81,3,148,113
1133,66,114,191,336
1134,80,0,145,111
1134,254,200,280,232
1134,76,264,142,331
1135,79,6,142,116
1135,315,104,353,127
1135,64,121,209,339
1135,259,221,286,253
1135,635,296,666,324
1135,116,342,142,371
1136,78,0,137,110
1136,60,123,190,327
1137,76,0,135,112
1137,58,126,93,170
1137,85,130,191,335
1137,179,146,231,193
1138,389,27,439,66
1138,504,106,579,153
1138,602,159,638,189
1138,453,204,498,230
1138,589,262,631,299
1139,653,63,683,88
1139,93,120,203,325
1139,47,121,88,163
1139,636,161,677,212
1139,609,365,650,395
1139,0,445,28,479
1140,504,107,580,154
1140,602,159,651,197
1140,415,202,505,254
1140,510,203,561,247
1140,359,206,388,231
1140,645,236,690,261
1140,143,309,194,342
1140,664,318,719,373
1140,613,385,656,414
1141,65,0,126,112
1141,92,122,193,327
1141,40,129,80,168
1141,0,436,48,477
1142,40,13,125,177
1142,96,130,189,261
1142,109,262,193,337
1142,14,446,59,479
1143,35,14,122,177
1143,94,126,191,333
1143,21,441,75,476
1144,58,24,122,150
1144,95,130,192,335
1144,32,140,74,184
1144,35,442,82,479
1145,52,9,119,147
1145,99,122,192,329
1145,32,138,71,176
1145,38,436,95,476
1146,46,15,115,126
1146,99,129,191,337
1146,33,141,71,185
1146,43,437,97,476
1147,42,14,111,122
1147,96,126,192,335
1147,32,139,72,183
1147,48,434,104,475
1148,347,0,382,29
1148,34,15,110,143
1148,71,130,191,337
1148,33,149,71,185
1148,115,342,161,408
1148,154,418,187,461
1148,51,436,105,472
1149,32,1,84,115
1149,73,123,192,328
1149,32,138,72,178
1149,0,315,54,479
1149,56,431,113,475
